title,url,source,time,date,query,story_position,domain,category
ReOpen NC leader says she tested positive for COVID-19,https://www.cbs17.com/community/health/coronavirus/reopen-nc-leader-says-she-tested-positive-for-covid-19/,CBS17.com,9 hours ago,2020-04-27 22:00:00,Covid-19,1,www.cbs17.com,
"Deaths spiked as Covid-19 spread in March and April, new analysis finds",https://www.cnn.com/2020/04/27/health/deaths-spike-covid-spread/index.html,CNN.com,3 hours ago,2020-04-27 22:00:00,Covid-19,2,www.cnn.com,
NYC Emergency Room Doctor Dies from Suicide After Treating COVID-19 Patients,https://www.nbcnewyork.com/news/coronavirus/nyc-emergency-room-doctor-dies-from-suicide-after-treating-covid-19-patients/2391978/,NBC New York,9 mins ago,2020-04-27 22:00:00,Covid-19,3,www.nbcnewyork.com,
Over 7100 people tested for COVID-19 over weekend,https://www.wbbjtv.com/2020/04/27/over-7100-people-tested-for-covid-19-over-weekend/,WBBJ-TV,20 mins ago,2020-04-27 22:00:00,Covid-19,4,www.wbbjtv.com,
"COVID-19 cases in Westchester on 'downturn,' county executive says; 
Monday's town-by-town numbers",https://www.lohud.com/story/news/coronavirus/2020/04/27/westchester-cases-covid-19-decline-curve-flattens-latimer/3036529001/,LoHud.com,3 hours ago,2020-04-27 22:00:00,Covid-19,5,www.lohud.com,
"13 dead from COVID-19 at Catholic nursing home in Minneapolis, as deadly 
clusters grow",https://www.startribune.com/13-dead-from-covid-19-at-catholic-nursing-home-in-minneapolis-as-deadly-clusters-grow/569988882/,Star Tribune,4 hours ago,2020-04-27 22:00:00,Covid-19,6,www.startribune.com,
"Daily coronavirus updates: COVID-19 deaths top 2,000 in Connecticut; Gov. 
Lamont says limited reopening plans",https://www.courant.com/coronavirus/hc-news-coronavirus-daily-updates-0427-20200427-vjmxkujidvfatfpfziwrogzaue-story.html,Hartford Courant,4 hours ago,2020-04-27 22:00:00,Covid-19,7,www.courant.com,
New research model predicts second COVID-19 wave in Georgia,https://www.wsbtv.com/news/local/new-research-model-predicts-second-covid-19-wave-georgia/JCMHZYN4OJAL7DI2H6E6PG37CQ/,WSB Tv,4 hours ago,2020-04-27 22:00:00,Covid-19,8,www.wsbtv.com,
Did Nobel Laureate Tasuku Honjo Say COVID-19 Was 'Man-Made'?,https://www.snopes.com/fact-check/nobel-laureate-tasuku-honjo-covid/,Snopes.com,Fact check article · 8 hours ago,2020-04-27 22:00:00,Covid-19,9,www.snopes.com,
"Let's hear scientists with different Covid-19 views, not attack them",https://www.statnews.com/2020/04/27/hear-scientists-different-views-covid-19-dont-attack-them/,Stat,8 hours ago,2020-04-27 22:00:00,Covid-19,10,www.statnews.com,
CDC confirms six coronavirus symptoms showing up in patients over and over,https://www.washingtonpost.com/health/2020/04/27/six-new-coronavirus-symptoms/,Washington Post,3 hours ago,2020-04-27 22:00:00,coronavirus symptoms,1,www.washingtonpost.com,
CDC Adds 6 Symptoms To Its COVID-19 List : Coronavirus Live Updates,https://www.npr.org/sections/coronavirus-live-updates/2020/04/27/845321155/cdc-adds-6-symptoms-to-its-covid-19-list,NPR,15 hours ago,2020-04-27 22:00:00,coronavirus symptoms,2,www.npr.org,
CDC adds to list of coronavirus infection symptoms,https://www.latimes.com/science/story/2020-04-27/coronavirus-cdc-updates-list-of-covid-19-symptoms,Los Angeles Times,1 hour ago,2020-04-27 22:00:00,coronavirus symptoms,3,www.latimes.com,
6 new symptoms officially added to list of coronavirus (COVID-19) symptoms,https://www.clickondetroit.com/health/good-health/2020/04/27/6-new-symptoms-officially-added-to-list-of-coronavirus-covid-19-symptoms/,ClickOnDetroit,3 hours ago,2020-04-27 22:00:00,coronavirus symptoms,4,www.clickondetroit.com,
Watch out for these six new coronavirus symptoms,https://www.marketwatch.com/story/watch-out-for-these-six-new-coronavirus-symptoms-2020-04-27,MarketWatch,5 hours ago,2020-04-27 22:00:00,coronavirus symptoms,5,www.marketwatch.com,
CDC adds 6 symptoms to coronavirus list,https://www.nydailynews.com/coronavirus/ny-coronavirus-symptoms-new-cdc-added-list-20200427-3c5vd4ae5bhg5jezru4dxe4yhy-story.html,NY Daily News,5 hours ago,2020-04-27 22:00:00,coronavirus symptoms,6,www.nydailynews.com,
"New coronavirus symptoms identified as more than 1,900 new cases found in 
Illinois",https://wgntv.com/news/coronavirus/over-1900-new-coronavirus-disease-cases-50-related-deaths-reported-in-illinois/,WGN-TV,6 hours ago,2020-04-27 22:00:00,coronavirus symptoms,7,wgntv.com,
"CDC confirms six new coronavirus symptoms that are showing up in patients 
over and over",https://www.seattletimes.com/nation-world/cdc-confirms-six-new-coronavirus-symptoms-that-are-showing-up-in-patients-over-and-over/,The Seattle Times,8 hours ago,2020-04-27 22:00:00,coronavirus symptoms,8,www.seattletimes.com,
"Doctors find more cases of 'COVID toes' in dermatological registry. Here's 
what they learned.",https://www.usatoday.com/story/news/health/2020/04/27/coronavirus-doctors-learn-more-new-covid-19-symptom-covid-toes/3031743001/,USATODAY.com,11 hours ago,2020-04-27 22:00:00,coronavirus symptoms,9,www.usatoday.com,
CDC Adds New Symptoms to Coronavirus List,https://www.nytimes.com/2020/04/27/health/coronavirus-symptoms-cdc.html,The New York Times,11 hours ago,2020-04-27 22:00:00,coronavirus symptoms,10,www.nytimes.com,
Coronavirus pandemic: Updates from around the world,https://www.cnn.com/world/live-news/coronavirus-pandemic-04-28-20-intl/index.html,CNN.com,17 mins ago,2020-04-27 22:00:00,coronavirus,1,www.cnn.com,
"Restaurants Open in Tennessee As State's Confirmed Coronavirus Cases Spike 
: Coronavirus Live Updates",https://www.npr.org/sections/coronavirus-live-updates/2020/04/27/845682973/tennessee-restaurants-reopen-as-state-sees-biggest-one-day-jump-in-covid-19-case,NPR,10 hours ago,2020-04-27 22:00:00,coronavirus,2,www.npr.org,
Coronavirus updates: States relaxing lockdowns as U.S. nears 1 million cases,https://www.cbsnews.com/live-updates/coronavirus-update-lockdowns-million-cases-2020-04-27/,CBS News,11 mins ago,2020-04-27 22:00:00,coronavirus,3,www.cbsnews.com,
"Schumer demands GOP convene hearings on coronavirus testing, small business 
program | TheHill",https://thehill.com/homenews/senate/494962-schumer-demands-gop-convene-hearings-on-coronavirus-testing-small-business,TheHill,24 mins ago,2020-04-27 22:00:00,coronavirus,4,thehill.com,
Mets to cut pay for full-time employees,https://nypost.com/2020/04/27/mets-to-cut-pay-for-employees-amid-coronavirus/,New York Post,38 mins ago,2020-04-27 22:00:00,coronavirus,5,nypost.com,
"Jenna Jameson says coronavirus shutdown 'has been disastrous' to her 'keto 
lifestyle'",https://www.foxnews.com/entertainment/jenna-jameson-coronavirus-quarantine-keto-diet-disastrous,Fox News,49 mins ago,2020-04-27 22:00:00,coronavirus,6,www.foxnews.com,
"Mass. General Hospital released a coronavirus simulator. Here’s what it 
shows for Massachusetts.",https://www.boston.com/news/coronavirus/2020/04/27/mass-general-coronavirus-simulator,Boston.com,4 hours ago,2020-04-27 22:00:00,coronavirus,7,www.boston.com,
"Researchers at Hartford HealthCare, MIT push CT’s coronavirus peak back, 
say deaths could triple by mid-June",https://www.wtnh.com/news/health/coronavirus/researchers-at-hartford-healthcare-mit-push-cts-coronavirus-peak-back-say-deaths-could-triple-by-mid-june/,WTNH.com,4 hours ago,2020-04-27 22:00:00,coronavirus,8,www.wtnh.com,
"Top Manhattan ER doc commits suicide, shaken by coronavirus onslaught",https://nypost.com/2020/04/27/manhattan-er-doc-lorna-breen-commits-suicide-shaken-by-coronavirus/,New York Post,4 hours ago,2020-04-27 22:00:00,coronavirus,9,nypost.com,
"As more than a dozen states begin to reopen their economies, experts advise 
extra caution in these public spaces",https://www.marketwatch.com/story/coronavirus-survives-longer-airborne-and-travels-further-in-these-public-spaces-heres-where-to-be-extra-careful-2020-04-27,MarketWatch,5 hours ago,2020-04-27 22:00:00,coronavirus,10,www.marketwatch.com,
"White House document says federal government is a test 'supplier of last 
resort'",https://www.cnn.com/2020/04/27/politics/white-house-testing-blueprint/index.html,CNN.com,3 hours ago,2020-04-27 22:00:00,coronavirus test,1,www.cnn.com,
CDC confirms six coronavirus symptoms showing up in patients over and over,https://www.washingtonpost.com/health/2020/04/27/six-new-coronavirus-symptoms/,Washington Post,3 hours ago,2020-04-27 22:00:00,coronavirus test,2,www.washingtonpost.com,
"Antigen tests: the coronavirus ""breakthrough"" that a top White House 
official says we need",https://www.cnn.com/2020/04/27/health/antigen-tests-coronavirus-breakthrough/index.html,CNN.com,4 mins ago,2020-04-27 22:00:00,coronavirus test,3,www.cnn.com,
"New York hospitals are studying a common heartburn drug as treatment for 
Covid-19",https://www.cnn.com/2020/04/27/health/famotidine-coronavirus-northwell-trial/index.html,CNN.com,3 hours ago,2020-04-27 10:00:00,Covid-19,1,www.cnn.com,
CDC Adds 6 Symptoms To Its COVID-19 List : Coronavirus Live Updates,https://www.npr.org/sections/coronavirus-live-updates/2020/04/27/845321155/cdc-adds-6-symptoms-to-its-covid-19-list,NPR,3 hours ago,2020-04-27 10:00:00,Covid-19,2,www.npr.org,
First Responders in Novi Raise Money For COVID-19 Testing,https://detroit.cbslocal.com/2020/04/27/first-responders-in-novi-raise-money-for-covid-19-testing/,CBS Detroit,27 mins ago,2020-04-27 10:00:00,Covid-19,3,detroit.cbslocal.com,
Accomack adds 8 new COVID-19 cases; Northampton adds 4,https://shoredailynews.com/headlines/accomack-adds-8-new-covid-19-cases-northampton-adds-4/,Shore Daily News,59 mins ago,2020-04-27 10:00:00,Covid-19,4,shoredailynews.com,
The Anti-Quarantine Protests Aren't About Covid-19,https://www.wired.com/story/anti-lockdown-protests-online/,Wired,1 hour ago,2020-04-27 10:00:00,Covid-19,5,www.wired.com,
"Regeneron, Sanofi say Kevzara will only be tested in sickest COVID-19 
patients",http://www.marketwatch.com/story/regeneron-sanofi-say-kevzara-will-only-be-tested-in-sickest-covid-19-patients-2020-04-27,MarketWatch,2 hours ago,2020-04-27 10:00:00,Covid-19,6,www.marketwatch.com,
"Besides Remdesivir, These 2 COVID-19 Treatments Could Have Promise",https://www.fool.com/investing/2020/04/27/besides-remdesivir-these-2-covid-19-treatments-cou.aspx,The Motley Fool,2 hours ago,2020-04-27 10:00:00,Covid-19,7,www.fool.com,
Closely watched arthritis drug disappoints as a Covid-19 treatment,https://www.statnews.com/2020/04/27/arthritis-drug-kevzara-disappoints-as-coronavirus-treatment/,Stat,3 hours ago,2020-04-27 10:00:00,Covid-19,8,www.statnews.com,
"Nursing home industry pushes for immunity from lawsuits during coronavirus 
emergency",https://www.nbcnews.com/health/health-care/nursing-home-industry-pushes-immunity-lawsuits-during-coronavirus-emergency-n1192001,NBC News,4 hours ago,2020-04-27 10:00:00,Covid-19,9,www.nbcnews.com,
"Bradenton ‘church’ promotes drinking bleach to cure COVID-19. They 
recommended it to Trump",https://www.bradenton.com/news/coronavirus/article242304736.html,Bradenton Herald,5 hours ago,2020-04-27 10:00:00,Covid-19,10,www.bradenton.com,
CDC Adds 6 Symptoms To Its COVID-19 List : Coronavirus Live Updates,https://www.npr.org/sections/coronavirus-live-updates/2020/04/27/845321155/cdc-adds-6-symptoms-to-its-covid-19-list,NPR,3 hours ago,2020-04-27 10:00:00,coronavirus symptoms,1,www.npr.org,
CDC adds 6 new coronavirus symptoms to list,https://www.foxnews.com/health/cdc-6-new-coronavirus-symptoms-list,Fox News,1 hour ago,2020-04-27 10:00:00,coronavirus symptoms,2,www.foxnews.com,
"CDC adds six new possible symptoms of coronavirus, including chills, 
headache",https://nypost.com/2020/04/27/cdc-adds-6-new-possible-symptoms-of-coronavirus-to-list/,New York Post,26 mins ago,2020-04-27 10:00:00,coronavirus symptoms,3,nypost.com,
CDC adds 6 new coronavirus symptoms,https://www.al.com/news/2020/04/cdc-adds-6-new-coronavirus-symptoms.html,AL.com,1 hour ago,2020-04-27 10:00:00,coronavirus symptoms,4,www.al.com,
CDC adds 6 possible signs of novel coronavirus to its symptoms list,https://www.local10.com/news/local/2020/04/27/cdc-adds-6-possible-signs-of-novel-coronavirus-to-its-symptoms-list/,WPLG,1 hour ago,2020-04-27 10:00:00,coronavirus symptoms,5,www.local10.com,
"Skin Rashes May Be Symptom of Coronavirus, Scientists Say",https://www.newsweek.com/skin-rash-coronavirus-symptom-italy-1500308,Newsweek,3 hours ago,2020-04-27 10:00:00,coronavirus symptoms,6,www.newsweek.com,
US Health Officials Expand List of COVID-19 Symptoms,https://www.voanews.com/covid-19-pandemic/us-health-officials-expand-list-covid-19-symptoms,Voice of America,4 hours ago,2020-04-27 10:00:00,coronavirus symptoms,7,www.voanews.com,
New coronavirus symptoms added to CDC list for potential signs of infection,https://www.post-gazette.com/news/health/2020/04/27/CDC-coronavirus-symptoms-six-new-possible-added-list-COVID-19/stories/202004260153,Pittsburgh Post-Gazette,6 hours ago,2020-04-27 10:00:00,coronavirus symptoms,8,www.post-gazette.com,
CDC Adds 6 New Coronavirus Symptoms,https://wcbs880.radio.com/articles/cdc-adds-6-new-coronavirus-symptoms,WCBS 880 - Radio.com,22 hours ago,2020-04-27 10:00:00,coronavirus symptoms,9,wcbs880.radio.com,
"To Suppress the Coronavirus, Test Those With No Symptoms",https://www.nytimes.com/2020/04/26/opinion/coronavirus-test-asymptomatic.html,The New York Times,23 hours ago,2020-04-27 10:00:00,coronavirus symptoms,10,www.nytimes.com,
Coronavirus pandemic in the US: Live updates,https://www.cnn.com/us/live-news/us-coronavirus-update-04-27-20/index.html,CNN.com,8 mins ago,2020-04-27 10:00:00,coronavirus,1,www.cnn.com,
CDC Adds 6 Symptoms To Its COVID-19 List : Coronavirus Live Updates,https://www.npr.org/sections/coronavirus-live-updates/2020/04/27/845321155/cdc-adds-6-symptoms-to-its-covid-19-list,NPR,3 hours ago,2020-04-27 10:00:00,coronavirus,2,www.npr.org,
"Coronavirus updates: More states easing lockdowns as U.S. deaths near 55,000",https://www.cbsnews.com/live-updates/coronavirus-update-covid-19-2020-04-27/,CBS News,10 mins ago,2020-04-27 10:00:00,coronavirus,3,www.cbsnews.com,
"Wisconsin judge elected amid coronavirus pandemic calls victory 
'bittersweet' following an 'uptick' in state's cases",https://www.cnn.com/2020/04/27/politics/wisconsin-judge-jill-karofsky-election-bittersweet/index.html,CNN.com,21 mins ago,2020-04-27 10:00:00,coronavirus,4,www.cnn.com,
Second Russian doctor plunges to their death amid coronavirus outbreak,https://nypost.com/2020/04/27/russian-doctor-with-coronavirus-mysteriously-plunges-to-death/,New York Post,22 mins ago,2020-04-27 10:00:00,coronavirus,5,nypost.com,
"Washington state anglers protest fishing ban amid coronavirus outbreak: 
'Let us fish'",https://www.foxnews.com/great-outdoors/coroanvirus-washington-state-anglers-fishing-ban-protest,Fox News,27 mins ago,2020-04-27 10:00:00,coronavirus,6,www.foxnews.com,
Where Has Jared Kushner Gone in the Fight Against Coronavirus?,https://www.thedailybeast.com/where-has-jared-kushner-gone-in-the-fight-against-coronavirus,The Daily Beast,53 mins ago,2020-04-27 10:00:00,coronavirus,7,www.thedailybeast.com,
Porn stars adapt to survive amid coronavirus crisis,https://www.nydailynews.com/coronavirus/ny-porn-performers-adapt-to-survive-amid-coronavirus-lockdown-20200427-fkmndcuqfnaovjgk4jf3jlv33a-story.html,NY Daily News,2 hours ago,2020-04-27 10:00:00,coronavirus,8,www.nydailynews.com,
"Coronavirus unleashes insane bubble in these 5 stocks and it could end 
badly for the bulls",https://finance.yahoo.com/news/coronavirus-unleashes-insane-bubble-in-these-5-stocks-and-it-could-end-badly-for-the-bulls-104743336.html,Yahoo Finance,3 hours ago,2020-04-27 10:00:00,coronavirus,9,finance.yahoo.com,
"Freed of briefing duty, wounded Trump airs full collection of grievances on 
Twitter, retweeting claim of ‘coup attempts’",https://www.washingtonpost.com/nation/2020/04/27/trump-twitter-media-coronavirus/,Washington Post,3 hours ago,2020-04-27 10:00:00,coronavirus,10,www.washingtonpost.com,
CDC Adds 6 Symptoms To Its COVID-19 List : Coronavirus Live Updates,https://www.npr.org/sections/coronavirus-live-updates/2020/04/27/845321155/cdc-adds-6-symptoms-to-its-covid-19-list,NPR,3 hours ago,2020-04-27 10:00:00,coronavirus test,1,www.npr.org,
Heartburn medication being tested as coronavirus treatment in NYC hospitals,https://www.foxnews.com/science/heartburn-medication-being-tested-as-coronavirus-treatment-in-nyc-hospitals,Fox News,58 mins ago,2020-04-27 10:00:00,coronavirus test,2,www.foxnews.com,
Leprino Foods Processing Plant Shuts Down After Coronavirus Testing,https://denver.cbslocal.com/2020/04/27/fort-morgan-food-processing-leprino-plant-shuts-down-coronavirus-testing/,CBS Denver,22 mins ago,2020-04-27 10:00:00,coronavirus test,3,denver.cbslocal.com,
"Telluride tested nearly everyone for coronavirus. But the crisis in New 
York delayed the results, and their usefulness.",https://www.washingtonpost.com/national/coronavirus-testing-telluride-colorado/2020/04/27/87e2f932-8624-11ea-878a-86477a724bdb_story.html,Washington Post,1 hour ago,2020-04-27 10:00:00,coronavirus test,4,www.washingtonpost.com,
Many states short of Covid-19 testing levels needed for reopening,https://www.statnews.com/2020/04/27/coronavirus-many-states-short-of-testing-levels-needed-for-safe-reopening/,Stat,5 hours ago,2020-04-27 10:00:00,coronavirus test,5,www.statnews.com,
"Bill Gates explains how the United States can safely ease coronavirus 
restrictions",https://www.cnn.com/2020/04/26/business/bill-gates-coronavirus-reopening-gps/index.html,CNN.com,5 hours ago,2020-04-27 10:00:00,coronavirus test,6,www.cnn.com,
Unreliable antibody tests flood the market as FDA waives quality reviews,https://www.politico.com/news/2020/04/27/reliable-antibody-tests-coronavirus-207589,Politico,5 hours ago,2020-04-27 10:00:00,coronavirus test,7,www.politico.com,
"Birx says US needs a testing 'breakthrough' to screen large numbers of 
people",https://www.cnn.com/2020/04/26/politics/coronavirus-testing-deborah-birx/index.html,CNN.com,16 hours ago,2020-04-27 10:00:00,coronavirus test,8,www.cnn.com,
"Coronavirus: Ohio changes priority testing guidelines as nursing homes race 
to identify asymptomatic carriers",https://www.dispatch.com/news/20200426/coronavirus-ohio-changes-priority-testing-guidelines-as-nursing-homes-race-to-identify-asymptomatic-carriers,The Columbus Dispatch,16 hours ago,2020-04-27 10:00:00,coronavirus test,9,www.dispatch.com,
Mom with COVID-19 delivers twins as husband faced death: 'Let me live',https://www.usatoday.com/story/news/nation/2020/04/26/coronavirus-covid-19-mom-delivers-twins-husband-faced-death/3030274001/,USA Today,18 hours ago,2020-04-27 10:00:00,coronavirus test,10,www.usatoday.com,
"Fauci says experimental coronavirus treatment remdesivir could shorten 
COVID-19 recovery time",https://www.foxnews.com/science/fauci-says-experimental-coronavirus-treatment-remdesivir-could-shorten-covid-19-recovery-time,Fox News,6 hours ago,2020-04-29 22:00:00,Covid-19,1,www.foxnews.com,
"Spike in US deaths and cases flagged as pneumonia suggest even greater 
COVID-19 impact",https://www.usatoday.com/story/news/investigations/2020/04/29/far-greater-u-s-covid-19-death-toll-indicated-cdc-data/3048381001/,USATODAY.com,3 hours ago,2020-04-29 22:00:00,Covid-19,2,www.usatoday.com,
Some COVID-19 restrictions in Nevada will be eased Friday,https://www.kolotv.com/content/news/Some-COVID-19-restrictions-in-Nevada-will-be-eased-Friday-570064451.html,KOLO 8 News Now,41 mins ago,2020-04-29 22:00:00,Covid-19,3,www.kolotv.com,
Over 70% of tested inmates in federal prisons have COVID-19,https://apnews.com/fb43e3ebc447355a4f71e3563dbdca4f,AP News,45 mins ago,2020-04-29 22:00:00,Covid-19,4,apnews.com,
Debate emerges: Should businesses be protected from Covid-19 lawsuits?,https://www.cnn.com/2020/04/29/business/business-liability-congress/index.html,CNN.com,1 hour ago,2020-04-29 22:00:00,Covid-19,5,www.cnn.com,
Elon Musk says shelter-in-place orders during COVID-19 are ‘fascist’,https://www.theverge.com/2020/4/29/21242102/elon-musk-coronavirus-fascist-shelter-in-place-tesla-covid-19-safety-science,The Verge,2 hours ago,2020-04-29 22:00:00,Covid-19,6,www.theverge.com,
"Remdesivir Speeds Recovery From COVID-19 In Preliminary Trial Results : 
Shots - Health News",https://www.npr.org/sections/health-shots/2020/04/29/848034963/antiviral-drug-remdesivir-shows-promise-for-treating-coronavirus-in-nih-study,NPR,3 hours ago,2020-04-29 22:00:00,Covid-19,7,www.npr.org,
"First bit of success from a randomized trial of a COVID-19 treatment 
[UPDATED]",https://arstechnica.com/science/2020/04/first-treatment-for-sars-cov-2-shortens-recovery-time/,Ars Technica,4 hours ago,2020-04-29 22:00:00,Covid-19,8,arstechnica.com,
Did This Nobel Prize Winner Say COVID-19 Was Created in a Lab?,https://www.snopes.com/fact-check/luc-montagnier-covid-created-lab/,Snopes.com,4 hours ago,2020-04-29 22:00:00,Covid-19,9,www.snopes.com,Fact check article
"Coronavirus Updates: Study Shows Experimental Drug Helps Fight COVID-19; 
Fauci Warns of Second Wave",https://weather.com/health/coronavirus/news/2020-04-29-daily-coronavirus-updates-million-cases-second-wave,The Weather Channel,5 hours ago,2020-04-29 22:00:00,Covid-19,10,weather.com,
CDC confirms six coronavirus symptoms showing up in patients over and over,https://www.washingtonpost.com/health/2020/04/27/six-new-coronavirus-symptoms/,Washington Post,2 days ago,2020-04-29 22:00:00,coronavirus symptoms,1,www.washingtonpost.com,
CDC Adds 6 Symptoms To Its COVID-19 List : Coronavirus Live Updates,https://www.npr.org/sections/coronavirus-live-updates/2020/04/27/845321155/cdc-adds-6-symptoms-to-its-covid-19-list,NPR,2 days ago,2020-04-29 22:00:00,coronavirus symptoms,2,www.npr.org,
"Prisma Health launches SC's first interactive, free symptom-checker for 
COVID-19",https://www.wyff4.com/article/prisma-health-launches-scs-first-interactive-free-symptom-checker-for-covid-19/32316390,WYFF.com,3 hours ago,2020-04-29 22:00:00,coronavirus symptoms,3,www.wyff4.com,
Vermont records zero new coronavirus cases for first time in nearly 7 weeks,https://www.foxnews.com/us/vermont-zero-new-coronavirus-cases,Fox News,9 hours ago,2020-04-29 22:00:00,coronavirus,1,www.foxnews.com,
"Tampa Bay Times: Florida officials asked state's medical examiners to 
withhold coronavirus death figures",https://www.cnn.com/2020/04/29/politics/florida-coronavirus-death-figures-withheld/index.html,CNN.com,2 hours ago,2020-04-29 22:00:00,coronavirus,2,www.cnn.com,
Sealing borders saves lives during coronavirus pandemic: Devine,https://nypost.com/2020/04/29/sealing-borders-saves-lives-during-coronavirus-pandemic-devine/,New York Post,24 mins ago,2020-04-29 22:00:00,coronavirus,3,nypost.com,
City council discussing proposed 'Amazon Tax' to fund coronavirus relief,http://komonews.com/news/coronavirus/city-council-discussing-proposed-amazon-tax-to-fund-coronavirus-relief,KOMO,36 mins ago,2020-04-29 22:00:00,coronavirus,4,komonews.com,
"Website sells $100 coronavirus commemorative coins, sparking backlash | 
TheHill",https://thehill.com/blogs/blog-briefing-room/news/495388-website-sells-100-coronavirus-commemorative-coins,TheHill,50 mins ago,2020-04-29 22:00:00,coronavirus,5,thehill.com,
"Coronavirus cluster at Walmart: 23 employees of Worcester store test 
positive",https://www.bostonherald.com/2020/04/29/coronavirus-cluster-at-walmart-23-employees-of-worcester-store-test-positive/,Boston Herald,3 hours ago,2020-04-29 22:00:00,coronavirus,6,www.bostonherald.com,
"After One Tweet To President Trump, This Man Got $69 Million From New York 
For Ventilators",https://www.buzzfeednews.com/article/rosalindadams/after-one-tweet-to-president-trump-this-man-got-69-million,BuzzFeed News,4 hours ago,2020-04-29 22:00:00,coronavirus,7,www.buzzfeednews.com,
"'Slow The Spread' Guidelines Will Phase Out, Trump Says : Coronavirus Live 
Updates",https://www.npr.org/sections/coronavirus-live-updates/2020/04/29/848025672/white-houses-social-distancing-guidelines-will-be-fading-out-trump-says,NPR,4 hours ago,2020-04-29 22:00:00,coronavirus,8,www.npr.org,
Coronavirus: NYC mayor sorry for Jewish funeral criticism,https://www.bbc.com/news/world-us-canada-52478414,BBC,4 hours ago,2020-04-29 22:00:00,coronavirus,9,www.bbc.com,
'A drug can block this virus': Fauci hails Covid-19 treatment breakthrough,https://www.politico.com/news/2020/04/29/gilead-coronavirus-remdesivir-220484,Politico,4 hours ago,2020-04-29 22:00:00,coronavirus,10,www.politico.com,
"Coronavirus live updates: Breed to non-San Franciscans seeking city hotel 
rooms: No",https://www.sfchronicle.com/bayarea/article/Coronavirus-live-updates-news-bay-area-15192855.php,San Francisco Chronicle,5 hours ago,2020-04-29 22:00:00,coronavirus test,1,www.sfchronicle.com,
Coronavirus pandemic in the US: Live updates,https://www.cnn.com/us/live-news/us-coronavirus-update-04-29-20/index.html,CNN.com,1 hour ago,2020-04-29 22:00:00,coronavirus test,2,www.cnn.com,
Mayor: LA 1st major US city offering all residents tests,https://www.washingtonpost.com/health/mayor-la-1st-major-us-city-offering-all-residents-tests/2020/04/29/2c3913ac-8a87-11ea-80df-d24b35a568ae_story.html,Washington Post,12 mins ago,2020-04-29 22:00:00,coronavirus test,3,www.washingtonpost.com,
Rare inflammatory syndrome seen in US child with Covid-19,https://www.cnn.com/2020/04/29/health/rare-inflammatory-syndrome-us-covid-19/index.html,CNN.com,8 hours ago,2020-04-29 10:00:00,Covid-19,1,www.cnn.com,
Gilead: Critical study of Covid-19 drug shows patients respond to treatment,https://www.statnews.com/2020/04/29/gilead-says-critical-study-of-covid-19-drug-shows-patients-are-responding-to-treatment/,Stat,57 mins ago,2020-04-29 10:00:00,Covid-19,2,www.statnews.com,
12-year-old speaks out after beating COVID-19: 'I died for two minutes',https://abcnews.go.com/GMA/Wellness/12-year-speaks-beating-covid-19-wanted-stop/story?id=70402061,ABC News,4 mins ago,2020-04-29 10:00:00,Covid-19,3,abcnews.go.com,
"Gilead Science reports positive data in trial of remdesivir as treatment 
for COVID-19",https://www.marketwatch.com/story/gilead-science-reports-positive-data-in-trial-of-remdesivir-as-treatment-for-covid-19-2020-04-29,MarketWatch,7 mins ago,2020-04-29 10:00:00,Covid-19,4,www.marketwatch.com,
Coronavirus pandemic in the US: Live updates,https://www.cnn.com/us/live-news/us-coronavirus-update-04-29-20/index.html,CNN.com,8 mins ago,2020-04-29 10:00:00,Covid-19,5,www.cnn.com,
Free COVID-19 Testing Can Come With Hidden Costs : Shots - Health News,https://www.npr.org/sections/health-shots/2020/04/29/847450671/covid-19-tests-that-are-supposed-to-be-free-can-ring-up-surprising-charges,NPR,3 hours ago,2020-04-29 10:00:00,Covid-19,6,www.npr.org,
"Lawrence Jones rips Hillary Clinton's new call not to 'waste' the COVID-19 
crisis",https://www.foxnews.com/media/lawrence-jones-rips-hillarys-call-for-universal-health-care-in-response,Fox News,3 hours ago,2020-04-29 10:00:00,Covid-19,7,www.foxnews.com,
"How accurate is the US coronavirus death count? Some experts say it's off 
by 'tens of thousands'",https://abcnews.go.com/Health/accurate-us-coronavirus-death-count-experts-off-tens/story?id=70385359,ABC News,6 hours ago,2020-04-29 10:00:00,Covid-19,8,abcnews.go.com,
"Holly Marie Combs blames Trump for grandfather's COVID-19 death: 'He 
believed every lie'",https://www.usatoday.com/story/entertainment/celebrities/2020/04/28/holly-marie-combs-blames-trump-grandfathers-covid-19-death/3045687001/,USATODAY.com,11 hours ago,2020-04-29 10:00:00,Covid-19,9,www.usatoday.com,
"NH's COVID-19 cases top 2000; more positives announced in Jaffrey, Rindge",https://www.sentinelsource.com/news/local/nhs-covid-19-cases-top-2-000-more-positives-announced-in-jaffrey-rindge/article_55453227-84f6-5f09-b03d-4359b6e6fee5.html,The Keene Sentinel,14 hours ago,2020-04-29 10:00:00,Covid-19,10,www.sentinelsource.com,
CDC confirms six coronavirus symptoms showing up in patients over and over,https://www.washingtonpost.com/health/2020/04/27/six-new-coronavirus-symptoms/,Washington Post,1 day ago,2020-04-29 10:00:00,coronavirus symptoms,1,www.washingtonpost.com,
"US Health Officials Now Say There Are 9 Main COVID-19 Symptoms. Here's What 
They Are.",https://www.buzzfeednews.com/article/zahrahirji/coronavirus-symptoms-update-cdc,BuzzFeed News,21 hours ago,2020-04-29 10:00:00,coronavirus symptoms,2,www.buzzfeednews.com,
"Coronavirus testing in LA expanded to include construction workers without 
symptoms",https://abc7.com/testing-for-the-coronavirus-in-los-angeles-county-will-be-expanded-to-include-construction-workers-even-if-they-are-not-showing-symptoms-mayor-eric-garcetti-said./6137046/,ABC7.com,2 hours ago,2020-04-29 10:00:00,coronavirus symptoms,3,abc7.com,
Coronavirus pandemic in the US: Live updates,https://www.cnn.com/us/live-news/us-coronavirus-update-04-29-20/index.html,CNN.com,8 mins ago,2020-04-29 10:00:00,coronavirus,1,www.cnn.com,
"Track your coronavirus stimulus check status through the IRS Get My Payment 
app",https://www.cnet.com/personal-finance/track-your-coronavirus-stimulus-check-status-through-the-irs-get-my-payment-app/,Cnet,9 hours ago,2020-04-29 10:00:00,coronavirus,2,www.cnet.com,
"Goldfeder and Bedzow: Coronavirus nursing home crisis – 4 things they need 
right now",https://www.foxnews.com/opinion/coronavirus-nursing-home-crisis-4-things-need-now-mark-goldfeder-ira-bedzow,Fox News,14 mins ago,2020-04-29 10:00:00,coronavirus,3,www.foxnews.com,
"White House asks agencies to find out if China, WHO hid coronavirus intel",https://nypost.com/2020/04/29/white-house-wants-to-know-if-china-who-hid-coronavirus-intel/,New York Post,37 mins ago,2020-04-29 10:00:00,coronavirus,4,nypost.com,
"Navy launching broader inquiry into coronavirus stricken aircraft carrier, 
effectively delaying Navy recommendation of reinstating captain",https://www.cnn.com/2020/04/29/politics/navy-investigation-uss-roosevelt/index.html,CNN.com,47 mins ago,2020-04-29 10:00:00,coronavirus,5,www.cnn.com,
"Coronavirus treatment: Gilead says positive data on remdesivir coming - 
Business Insider",https://www.businessinsider.com/coronavirus-treatment-gilead-says-positive-data-remdesivir-from-niaid-study-2020-4,Business Insider,1 hour ago,2020-04-29 10:00:00,coronavirus,6,www.businessinsider.com,
Could The Coronavirus And Economic Crash Make Republicans Abandon Trump?,https://fivethirtyeight.com/features/could-the-coronavirus-and-economic-crash-make-republicans-abandon-trump/,FiveThirtyEight,3 hours ago,2020-04-29 10:00:00,coronavirus,7,fivethirtyeight.com,
"Both New Zealand and Australia Contained Coronavirus, but One Is Set to Pay 
a Heavier Price",https://www.wsj.com/articles/both-new-zealand-and-australia-contained-coronavirus-but-one-is-set-to-pay-a-heavier-price-11588158002,Wall Street Journal,3 hours ago,2020-04-29 10:00:00,coronavirus,8,www.wsj.com,
Trump’s next coronavirus pivot: Celebrate America’s grand reopening,https://www.politico.com/news/2020/04/29/trump-coronavirus-business-219443,Politico,5 hours ago,2020-04-29 10:00:00,coronavirus,9,www.politico.com,
"U.S. Coronavirus Death Toll Is Far Higher Than Reported, C.D.C. Data 
Suggests",https://www.nytimes.com/interactive/2020/04/28/us/coronavirus-death-toll-total.html,The New York Times,11 hours ago,2020-04-29 10:00:00,coronavirus,10,www.nytimes.com,
"US coronavirus cases surpass 1 million and the death toll is greater than 
US losses in Vietnam War",https://www.cnn.com/2020/04/28/health/us-coronavirus-tuesday/index.html,CNN.com,12 hours ago,2020-04-29 10:00:00,coronavirus test,1,www.cnn.com,
"Coronavirus updates: Facebook to hold e-graduation for Class of 2020 - 
Business Insider",https://www.businessinsider.com/coronavirus-live-updates-latest-news,Business Insider,3 hours ago,2020-04-29 10:00:00,coronavirus test,2,www.businessinsider.com,
NC Pug First Known Dog To Test Positive For Coronavirus In US,https://patch.com/north-carolina/charlotte/nc-pug-first-known-dog-test-positive-coronavirus-us,Patch,33 mins ago,2020-04-29 10:00:00,coronavirus test,3,patch.com,
"Antibody tests support what’s been obvious: Covid-19 is much more lethal 
than the flu",https://www.washingtonpost.com/health/antibody-tests-support-whats-been-obvious-covid-19-is-much-more-lethal-than-flu/2020/04/28/2fc215d8-87f7-11ea-ac8a-fe9b8088e101_story.html,Washington Post,7 hours ago,2020-04-28 22:00:00,Covid-19,1,www.washingtonpost.com,
"Two men in Georgia drank disinfectants in efforts to prevent COVID-19, 
officials say | TheHill",https://thehill.com/policy/healthcare/495089-two-men-in-georgia-drank-disinfectants-in-efforts-to-prevent-covid-19,TheHill,6 hours ago,2020-04-28 22:00:00,Covid-19,2,thehill.com,
COVID-19: Will some Washington counties reopen and others remain closed?,http://komonews.com/news/coronavirus/covid-19-will-some-washington-counties-reopen-and-others-remain-closed,KOMO,3 mins ago,2020-04-28 22:00:00,Covid-19,3,komonews.com,
"Coronavirus Update: 82 New COVID-19 Cases Bring New Hampshire's Total Over 
2000",https://www.nhpr.org/post/coronavirus-update-82-new-covid-19-cases-bring-new-hampshires-total-over-2000,Nhpr,3 hours ago,2020-04-28 22:00:00,Covid-19,4,www.nhpr.org,
"USS Kidd Arrives in San Diego to Treat COVID-19 Outbreak; First Cases 
Emerged More than A Month After Hawaii Port Visit",https://news.usni.org/2020/04/28/uss-kidd-arrives-in-san-diego-to-treat-covid-19-outbreak-first-cases-emerged-more-than-a-month-after-hawaii-port-visit,USNI News - US Naval Institute,4 hours ago,2020-04-28 22:00:00,Covid-19,5,news.usni.org,
COVID -19 Hospitalizations in Connecticut Decline Again,https://www.nbcconnecticut.com/news/coronavirus/governor-to-give-covid-19-briefing-at-4-p-m/2262482/,NBC Connecticut,5 hours ago,2020-04-28 22:00:00,Covid-19,6,www.nbcconnecticut.com,
Math Is Hard: Social-Science Lessons from COVID-19,https://www.nationalreview.com/2020/04/math-is-hard-social-science-lessons-from-covid-19/,National Review,5 hours ago,2020-04-28 22:00:00,Covid-19,7,www.nationalreview.com,
"An ER doctor who continued to treat patients after she recovered from 
Covid-19 has died by suicide",https://www.cnn.com/2020/04/28/us/er-doctor-coronavirus-help-death-by-suicide-trnd/index.html,CNN.com,7 hours ago,2020-04-28 22:00:00,Covid-19,8,www.cnn.com,
"Amid Ongoing COVID-19 Pandemic, Governor Cuomo Outlines Additional 
Guidelines for Phased Plan to Re-open New ...",https://www.governor.ny.gov/news/amid-ongoing-covid-19-pandemic-governor-cuomo-outlines-additional-guidelines-phased-plan-re,Governor Cuomo - NY.gov,7 hours ago,2020-04-28 22:00:00,Covid-19,9,www.governor.ny.gov,
"COVID-19: Plan For Schools, Summer Sessions Will Be Made By End Of Week, 
Cuomo Says",https://dailyvoice.com/new-york/nassau/schools/covid-19-plan-for-schools-summer-sessions-will-be-made-by-end-of-week-cuomo-says/787248/,Daily Voice,7 hours ago,2020-04-28 22:00:00,Covid-19,10,dailyvoice.com,
"US Health Officials Now Say There Are 9 Main COVID-19 Symptoms. Here's What 
They Are.",https://www.buzzfeednews.com/article/zahrahirji/coronavirus-symptoms-update-cdc,BuzzFeed News,9 hours ago,2020-04-28 22:00:00,coronavirus symptoms,1,www.buzzfeednews.com,
CDC confirms six coronavirus symptoms showing up in patients over and over,https://www.washingtonpost.com/health/2020/04/27/six-new-coronavirus-symptoms/,Washington Post,1 day ago,2020-04-28 22:00:00,coronavirus symptoms,2,www.washingtonpost.com,
"CDC adds new coronavirus symptoms as Cleveland hospital sees other viruses 
plummet",https://fox8.com/news/coronavirus/cdc-adds-new-coronavirus-symptoms-as-cleveland-hospital-sees-other-viruses-plummet/,Fox 8,1 hour ago,2020-04-28 22:00:00,coronavirus symptoms,3,fox8.com,
CDC adds new coronavirus symptoms,https://fox8.com/video/cdc-adds-new-coronavirus-symptoms/5434141/,Fox 8,1 hour ago,2020-04-28 22:00:00,coronavirus symptoms,4,fox8.com,
"Answering Your Coronavirus Questions: New Symptoms, Economy And Virtual 
Celebrations",https://www.npr.org/2020/04/28/847585398/answering-your-coronavirus-questions-new-symptoms-economy-and-virtual-celebratio,NPR,1 hour ago,2020-04-28 22:00:00,coronavirus symptoms,5,www.npr.org,
"30-Year-Old Teacher Dies of Coronavirus After Her Symptoms Were Dismissed 
as a Panic Attack",https://people.com/health/teacher-dies-coronavirus-after-her-symptoms-dismissed-panic-attack/,People.com,6 hours ago,2020-04-28 22:00:00,coronavirus symptoms,6,people.com,
Did you already have coronavirus in January or February?,https://www.livescience.com/did-you-have-covid-19-in-january.html,Live Science,7 hours ago,2020-04-28 22:00:00,coronavirus symptoms,7,www.livescience.com,
Coronavirus: 'My son had symptoms of rare syndrome',https://www.bbc.com/news/health-52447387,BBC,12 hours ago,2020-04-28 22:00:00,coronavirus symptoms,8,www.bbc.com,
Watch out for these 6 new coronavirus symptoms,https://www.marketwatch.com/story/watch-out-for-these-six-new-coronavirus-symptoms-2020-04-27,MarketWatch,13 hours ago,2020-04-28 22:00:00,coronavirus symptoms,9,www.marketwatch.com,
"'Silent Hypoxics': Docs warn of coronavirus link to mysterious low oxygen 
symptoms",https://abcnews.go.com/Health/silent-hypoxics-docs-warn-coronavirus-link-mysterious-low/story?id=70366959,ABC News,18 hours ago,2020-04-28 22:00:00,coronavirus symptoms,10,abcnews.go.com,
Coronavirus pandemic: Updates from around the world,https://www.cnn.com/world/live-news/coronavirus-pandemic-04-28-20-intl/index.html,CNN.com,1 hour ago,2020-04-28 22:00:00,coronavirus,1,www.cnn.com,
Pence Comments On Not Wearing Protective Masks : Coronavirus Live Updates,https://www.npr.org/sections/coronavirus-live-updates/2020/04/28/847570879/pence-responds-to-critics-after-not-wearing-face-mask-at-mayo-clinic,NPR,3 hours ago,2020-04-28 22:00:00,coronavirus,2,www.npr.org,
Chris Hayes Rips Fox News Primetime 'Coronavirus Trutherism',https://www.mediaite.com/tv/chris-hayes-trashes-fox-news-over-coronavirus-trutherism-tucker-carlson-broadcasting-in-safe-isolation-is-telling-you-its-safe-to-go-out/,Mediaite.com,39 mins ago,2020-04-28 22:00:00,coronavirus,3,www.mediaite.com,
"How does India, a country of 1.3 billion people, have around 1,000 
coronavirus deaths?",https://www.cnn.com/2020/04/28/india/india-coronavirus-outbreak-explained-intl-hnk/index.html,CNN.com,54 mins ago,2020-04-28 22:00:00,coronavirus,4,www.cnn.com,
86 ‘discharged’ RI coronavirus patients died at the hospital,https://www.wpri.com/health/coronavirus/86-discharged-ri-coronavirus-patients-died-at-the-hospital/,WPRI.com,57 mins ago,2020-04-28 22:00:00,coronavirus,5,www.wpri.com,
Biden wins Ohio primary delayed by coronavirus pandemic,https://www.foxnews.com/politics/biden-wins-ohio-primary-delayed-by-coronavirus-pandemic,Fox News,1 hour ago,2020-04-28 22:00:00,coronavirus,6,www.foxnews.com,
"Beloved Brooklyn teacher, 30, dies of coronavirus after she was twice 
denied a COVID-19 test",https://abcnews.go.com/Health/beloved-brooklyn-teacher-30-dies-coronavirus-denied-covid/story?id=70376445,ABC News,1 hour ago,2020-04-28 22:00:00,coronavirus,7,abcnews.go.com,
Coronavirus updates: COVID-19 cases in U.S. top 1 million,https://www.cbsnews.com/live-updates/coronavirus-latest-updates-2020-04-28/,CBS News,1 hour ago,2020-04-28 22:00:00,coronavirus,8,www.cbsnews.com,
Democrats dismiss McConnell's 'sad' new coronavirus offer,https://www.politico.com/news/2020/04/28/democrats-mcconnell-coronavirus-214365,Politico,4 hours ago,2020-04-28 22:00:00,coronavirus,9,www.politico.com,
Trump Decides Now Would Be a Great Time to Cut Coronavirus Research Funding,https://www.vanityfair.com/news/2020/04/trump-coronavirus-funding-cuts,Vanity Fair,8 hours ago,2020-04-28 22:00:00,coronavirus,10,www.vanityfair.com,
"US coronavirus cases surpass 1 million and the death toll is greater than 
US losses in Vietnam War",https://www.cnn.com/2020/04/28/health/us-coronavirus-tuesday/index.html,CNN.com,2 hours ago,2020-04-28 22:00:00,coronavirus test,1,www.cnn.com,
Coronavirus updates: COVID-19 cases in U.S. top 1 million,https://www.cbsnews.com/live-updates/coronavirus-latest-updates-2020-04-28/,CBS News,20 mins ago,2020-04-28 22:00:00,coronavirus test,2,www.cbsnews.com,
Big commercial labs given priority for coronavirus testing equipment by feds,https://www.cnn.com/2020/04/28/politics/testing-coronavirus-hospitals-commercial-labs-invs/index.html,CNN.com,14 mins ago,2020-04-28 22:00:00,coronavirus test,3,www.cnn.com,
ReOpen NC leader says she tested positive for COVID-19,https://www.cbs17.com/community/health/coronavirus/reopen-nc-leader-says-she-tested-positive-for-covid-19/,CBS17.com,21 hours ago,2020-04-28 10:00:00,Covid-19,1,www.cbs17.com,
COVID-19 survivors answer your questions: How long to feel normal again?,https://www.foxnews.com/media/covid-19-survivors-answer-your-questions-about-the-virus,Fox News,1 hour ago,2020-04-28 10:00:00,Covid-19,2,www.foxnews.com,
COVID-19 doctor charged in multimillion-dollar fraud case,https://www.detroitnews.com/story/news/local/detroit-city/2020/04/28/covid-19-doctor-charged-multimillion-dollar-health-care-fraud-case/3038526001/,Detroit News,43 mins ago,2020-04-28 10:00:00,Covid-19,3,www.detroitnews.com,
Changing SaaS startup benchmarks in the COVID-19 era,https://techcrunch.com/2020/04/28/changing-saas-startup-benchmarks-in-the-covid-19-era/,TechCrunch,51 mins ago,2020-04-28 10:00:00,Covid-19,4,techcrunch.com,
"More than 800 new COVID-19 cases identified in Virginia; hospitalizations 
climb above 1500",https://www.insidenova.com/news/special/coronavirus/more-than-800-new-covid-19-cases-identified-in-virginia-hospitalizations-climb-above-1-500/article_4f65e192-8952-11ea-b5ad-937acb468552.html,InsideNoVa.com,1 hour ago,2020-04-28 10:00:00,Covid-19,5,www.insidenova.com,
"Random, voluntary testing for COVID-19 antibodies starts today in metro 
neighborhoods",https://www.wsbtv.com/news/local/health-officials-randomly-testing-covid-19-antibodies-metro-neighborhoods/NRPF75H2XVHFVLGE42LII6GUQU/,WSB Tv,3 hours ago,2020-04-28 10:00:00,Covid-19,6,www.wsbtv.com,
"Coronavirus: Monkeys given Oxford vaccine did not catch COVID-19 - Business 
Insider",https://www.businessinsider.com/monkeys-given-new-oxford-vaccine-coronavirus-free-strong-exposure-encouraging-2020-4,Business Insider,4 hours ago,2020-04-28 10:00:00,Covid-19,7,www.businessinsider.com,
"Workers face 'uphill battle' proving firms liable if they catch COVID-19 as 
economy reopens",https://www.usatoday.com/story/money/2020/04/28/coronavirus-can-you-sue-if-you-get-covid-19-work/3035422001/,USA Today,5 hours ago,2020-04-28 10:00:00,Covid-19,8,www.usatoday.com,
"Organizer of North Carolina group protesting quarantine rules sidelined 
with coronavirus",https://nypost.com/2020/04/28/leader-of-north-carolina-anti-lockdown-protest-gets-covid-19/,New York Post,9 hours ago,2020-04-28 10:00:00,Covid-19,9,nypost.com,
Ask Amy: Neighbor's gathering creates covid-19 risk,https://www.washingtonpost.com/lifestyle/advice/ask-amy-neighbors-gathering-creates-covid-19-risk/2020/04/26/61064c1c-805a-11ea-a3ee-13e1ae0a3571_story.html,Washington Post,10 hours ago,2020-04-28 10:00:00,Covid-19,10,www.washingtonpost.com,
CDC confirms six coronavirus symptoms showing up in patients over and over,https://www.washingtonpost.com/health/2020/04/27/six-new-coronavirus-symptoms/,Washington Post,15 hours ago,2020-04-28 10:00:00,coronavirus symptoms,1,www.washingtonpost.com,
CDC Adds New Symptoms to Coronavirus List,https://www.nytimes.com/2020/04/27/health/coronavirus-symptoms-cdc.html,The New York Times,23 hours ago,2020-04-28 10:00:00,coronavirus symptoms,2,www.nytimes.com,
Watch out for these 6 new coronavirus symptoms,https://www.marketwatch.com/story/watch-out-for-these-six-new-coronavirus-symptoms-2020-04-27,MarketWatch,1 hour ago,2020-04-28 10:00:00,coronavirus symptoms,3,www.marketwatch.com,
"Should you be checking your own oxygen levels if you have coronavirus 
symptoms?",https://www.theguardian.com/commentisfree/2020/apr/28/oxygen-levels-coronavirus-symptoms-oximeters-gp,The Guardian,2 hours ago,2020-04-28 10:00:00,coronavirus symptoms,4,www.theguardian.com,
"'Silent Hypoxics': Docs warn of coronavirus link to mysterious low oxygen 
symptoms",https://abcnews.go.com/Health/silent-hypoxics-docs-warn-coronavirus-link-mysterious-low/story?id=70366959,ABC News,6 hours ago,2020-04-28 10:00:00,coronavirus symptoms,5,abcnews.go.com,
CDC adds to list of coronavirus infection symptoms,https://www.latimes.com/science/story/2020-04-27/coronavirus-cdc-updates-list-of-covid-19-symptoms,Los Angeles Times,13 hours ago,2020-04-28 10:00:00,coronavirus symptoms,6,www.latimes.com,
"CDC confirms six new coronavirus symptoms that are showing up in patients 
over and over",https://www.seattletimes.com/nation-world/cdc-confirms-six-new-coronavirus-symptoms-that-are-showing-up-in-patients-over-and-over/,The Seattle Times,20 hours ago,2020-04-28 10:00:00,coronavirus symptoms,7,www.seattletimes.com,
Spots On Toes And Rashes Join Weird New Symptoms Of Coronavirus,https://www.forbes.com/sites/judystone/2020/04/27/spots-on-toes-and-rashes-join-weird-new-symptoms-of-coronavirus/,Forbes,22 hours ago,2020-04-28 10:00:00,coronavirus symptoms,8,www.forbes.com,
"CDC Adds Six Coronavirus Symptoms to Its List As Doctors Encounter New 
Conditions in COVID-19 Patients",https://weather.com/health/coronavirus/news/2020-04-27-cdc-new-coronavirus-symptoms-covid-19-conditions,The Weather Channel,22 hours ago,2020-04-28 10:00:00,coronavirus symptoms,9,weather.com,
"Doctors find more cases of 'COVID toes' in dermatological registry. Here's 
what they learned.",https://www.usatoday.com/story/news/health/2020/04/27/coronavirus-doctors-learn-more-new-covid-19-symptom-covid-toes/3031743001/,USA Today,23 hours ago,2020-04-28 10:00:00,coronavirus symptoms,10,www.usatoday.com,
Coronavirus pandemic in the US: Live updates,https://www.cnn.com/us/live-news/us-coronavirus-update-04-28-20/index.html,CNN.com,17 mins ago,2020-04-28 10:00:00,coronavirus,1,www.cnn.com,
Coronavirus: Top NYC doctor takes her own life,https://www.bbc.com/news/world-us-canada-52451094,BBC.com,2 days ago,2020-04-28 10:00:00,coronavirus,2,www.bbc.com,
"California man who claimed coronavirus is government conspiracy has guns 
taken after 'threatening' social m...",https://www.foxnews.com/us/california-man-coronavirus-government-conspiracy-guns-taken-away-san-diego,Fox News,23 mins ago,2020-04-28 10:00:00,coronavirus,3,www.foxnews.com,
Coronavirus updates: States ease COVID-19 restrictions as testing ramps up,https://www.cbsnews.com/live-updates/coronavirus-update-lockdowns-million-cases-2020-04-28/,CBS News,25 mins ago,2020-04-28 10:00:00,coronavirus,4,www.cbsnews.com,
Super Bowl champ Laurent Duvernay-Tardif battling coronavirus as a doctor,https://nypost.com/2020/04/28/nfler-laurent-duvernay-tardif-battling-coronavirus-as-a-doctor/,New York Post,34 mins ago,2020-04-28 10:00:00,coronavirus,5,nypost.com,
US home price growth accelerated ahead of the coronavirus pandemic,https://finance.yahoo.com/news/sp-case-shiller-february-2020-us-home-price-index-130126872.html,Yahoo Finance,1 hour ago,2020-04-28 10:00:00,coronavirus,6,finance.yahoo.com,
"Reopening states too early will bring deadlier outcomes, coronavirus 
projection models show",https://www.cnn.com/2020/04/28/health/us-coronavirus-tuesday/index.html,CNN.com,1 hour ago,2020-04-28 10:00:00,coronavirus,7,www.cnn.com,
"Pug in North Carolina tests positive for coronavirus, may be first for dog 
in U.S.",https://www.nbcnews.com/news/animal-news/pug-north-carolina-tests-positive-coronavirus-may-be-first-dog-n1194096,NBC News,2 hours ago,2020-04-28 10:00:00,coronavirus,8,www.nbcnews.com,
"Swedish official Anders Tegnell says 'herd immunity' in Sweden might be a 
few weeks away",https://www.usatoday.com/story/news/world/2020/04/28/coronavirus-covid-19-sweden-anders-tegnell-herd-immunity/3031536001/,USA Today,3 hours ago,2020-04-28 10:00:00,coronavirus,9,www.usatoday.com,
Trump faces the risk of a coronavirus cliff,https://www.politico.com/news/2020/04/28/trump-reopening-coronavirus-213535,Politico,5 hours ago,2020-04-28 10:00:00,coronavirus,10,www.politico.com,
Trump offers new testing proposal and then shifts focus to himself,https://www.cnn.com/2020/04/28/politics/donald-trump-testing-coronavirus-news-conference/index.html,CNN.com,2 hours ago,2020-04-28 10:00:00,coronavirus test,1,www.cnn.com,
"Pug in North Carolina tests positive for coronavirus, may be first for dog 
in U.S.",https://www.nbcnews.com/news/animal-news/pug-north-carolina-tests-positive-coronavirus-may-be-first-dog-n1194096,NBC News,2 hours ago,2020-04-28 10:00:00,coronavirus test,2,www.nbcnews.com,
Coronavirus pandemic in the US: Live updates,https://www.cnn.com/us/live-news/us-coronavirus-update-04-28-20/index.html,CNN.com,4 mins ago,2020-04-28 10:00:00,coronavirus test,3,www.cnn.com,
Coronavirus updates: CDC adds 6 new possible symptoms of COVID-19,https://abcnews.go.com/US/coronavirus-live-updates-cdc-adds-symptoms-covid-19/story?id=70351472,ABC News,12 hours ago,2020-04-26 22:00:00,Covid-19,1,abcnews.go.com,
"Reviving America after Covid-19 will take years, not months",https://www.cnn.com/2020/04/26/world/meanwhile-in-america-april-24/index.html,CNN.com,1 hour ago,2020-04-26 22:00:00,Covid-19,2,www.cnn.com,
"Coronavirus updates: Spain and Italy begin to ease lockdown measures; USNS 
Comfort discharges last COVID-19 patient",https://www.cbsnews.com/live-updates/coronavirus-update-covid-19-2020-04-26/,CBS News,47 mins ago,2020-04-26 22:00:00,Covid-19,3,www.cbsnews.com,
DeSantis describes Florida as ‘God’s waiting room’ at COVID-19 briefing,https://www.local10.com/news/local/2020/04/27/desantis-describes-florida-as-gods-waiting-room-at-covid-19-briefing-when-discussing-nursing-homes/,WPLG,48 mins ago,2020-04-26 22:00:00,Covid-19,4,www.local10.com,
"Where are Harris County’s COVID-19 cases? Concentrated in at-risk 
neighborhoods",https://www.houstonchronicle.com/news/houston-texas/houston/article/Where-are-Harris-County-s-COVID-19-cases-15227180.php,Houston Chronicle,2 hours ago,2020-04-26 22:00:00,Covid-19,5,www.houstonchronicle.com,
"77 new COVID-19 cases in NH, but no new deaths",https://www.unionleader.com/news/health/coronavirus/77-new-covid-19-cases-in-nh-but-no-new-deaths/article_8a6d196e-06cf-5b12-b5e4-b5e4737e6f7d.html,Union Leader,3 hours ago,2020-04-26 22:00:00,Covid-19,6,www.unionleader.com,
"Assisted-living sites struggle with COVID-19 in shadow of nursing home 
crisis",https://www.bostonglobe.com/2020/04/26/metro/assisted-living-sites-struggle-with-covid-19-shadow-nursing-home-crisis/,The Boston Globe,3 hours ago,2020-04-26 22:00:00,Covid-19,7,www.bostonglobe.com,
"Coronavirus in Massachusetts: 2,899 deaths, 54,938 COVID-19 cases total",https://www.wwlp.com/news/health/coronavirus-local-impact/coronavirus-in-massachusetts-2899-deaths-54938-covid-19-cases-total/,WWLP,4 hours ago,2020-04-26 22:00:00,Covid-19,8,www.wwlp.com,
WHO Deletes Misleading Tweet That Spread Paranoia About COVID-19 Reinfection,https://reason.com/2020/04/26/world-health-organization-tweet-coronavirus-covid-19-antibodies/,Reason Magazine,5 hours ago,2020-04-26 22:00:00,Covid-19,9,reason.com,
"East Bay coronavirus cases climb, Santa Clara County virus death toll 
reaches 100",https://www.mercurynews.com/santa-clara-county-coronavirus-deaths-reach-100,The Mercury News,8 hours ago,2020-04-26 22:00:00,Covid-19,10,www.mercurynews.com,
Coronavirus updates: CDC adds 6 new possible symptoms of COVID-19,https://abcnews.go.com/US/coronavirus-live-updates-cdc-adds-symptoms-covid-19/story?id=70351472,ABC News,12 hours ago,2020-04-26 22:00:00,coronavirus symptoms,1,abcnews.go.com,
"These are the 6 new possible symptoms of the coronavirus the CDC added to 
its list",https://www.usatoday.com/story/news/health/2020/04/26/coronavirus-symptoms-cdc-adds-six-new-symptoms-covid-19/3029438001/,USA Today,9 hours ago,2020-04-26 22:00:00,coronavirus symptoms,2,www.usatoday.com,
CDC adds 6 new symptoms of coronavirus to list,https://fox6now.com/2020/04/26/cdc-adds-6-new-symptoms-of-coronavirus-to-list/,FOX6Now.com,3 hours ago,2020-04-26 22:00:00,coronavirus symptoms,3,fox6now.com,
Here's the biggest news you missed this weekend,https://www.usatoday.com/story/news/2020/04/26/coronavirus-new-symptoms-kim-jung-un-health-chris-matthews-harassment-weekends-biggest-news/3029501001/,USA Today,5 hours ago,2020-04-26 22:00:00,coronavirus symptoms,4,www.usatoday.com,
CDC Adds 6 New Coronavirus Symptoms,https://wcbs880.radio.com/articles/cdc-adds-6-new-coronavirus-symptoms,WCBS 880 - Radio.com,10 hours ago,2020-04-26 22:00:00,coronavirus symptoms,5,wcbs880.radio.com,
"To Suppress the Coronavirus, Test Those With No Symptoms",https://www.nytimes.com/2020/04/26/opinion/coronavirus-test-asymptomatic.html,The New York Times,11 hours ago,2020-04-26 22:00:00,coronavirus symptoms,6,www.nytimes.com,
"Coronavirus: Headache, loss of taste among list of 6 new possible COVID-19 
symptoms, according to CDC",https://6abc.com/coronavirus-symptoms-cdc-tips-news/6130502/,WPVI Philadelphia,13 hours ago,2020-04-26 22:00:00,coronavirus symptoms,7,6abc.com,
CDC adds 6 new possible coronavirus symptoms,https://www.axios.com/coronavirus-new-symptoms-cdc-1071ad1e-3ca3-458d-9a3c-ea91caf3a821.html,Axios,1 day ago,2020-04-26 22:00:00,coronavirus symptoms,8,www.axios.com,
"Six new coronavirus symptoms just officially added to CDC list. What are 
they?",https://www.miamiherald.com/news/coronavirus/article242260231.html,Miami Herald,2 days ago,2020-04-26 22:00:00,coronavirus symptoms,9,www.miamiherald.com,
CDC adds 6 new symptoms of coronavirus to list,https://www.fox10phoenix.com/news/cdc-adds-6-new-symptoms-of-coronavirus-to-list,FOX 10 Phoenix,2 days ago,2020-04-26 22:00:00,coronavirus symptoms,10,www.fox10phoenix.com,
Coronavirus updates: CDC adds 6 new possible symptoms of COVID-19,https://abcnews.go.com/US/coronavirus-live-updates-cdc-adds-symptoms-covid-19/story?id=70351472,ABC News,12 hours ago,2020-04-26 22:00:00,coronavirus,1,abcnews.go.com,
"New York couple suing Chinese government: Coronavirus' 'impact has been 
pretty big'",https://www.foxnews.com/media/new-york-couple-sues-china-coronavirus-impact,Fox News,1 hour ago,2020-04-26 22:00:00,coronavirus,2,www.foxnews.com,
Reporter's Notebook: Coronavirus and the era of big government,https://www.foxnews.com/politics/coronavirus-big-government-era-pergram,Fox News,11 mins ago,2020-04-26 22:00:00,coronavirus,3,www.foxnews.com,
Coronavirus pandemic: Updates from around the world,https://www.cnn.com/world/live-news/coronavirus-pandemic-04-27-20-intl/index.html,CNN.com,16 mins ago,2020-04-26 22:00:00,coronavirus,4,www.cnn.com,
India announces rollback of coronavirus lockdown restrictions,https://www.foxnews.com/world/india-rollback-coronavirus-lockdown-restrictions,Fox News,46 mins ago,2020-04-26 22:00:00,coronavirus,5,www.foxnews.com,
"New York clinical trial testing heartburn medication as coronavirus 
treatment",https://nypost.com/2020/04/26/ny-clinical-trial-testing-heartburn-medication-as-coronavirus-treatment/,New York Post,1 hour ago,2020-04-26 22:00:00,coronavirus,6,nypost.com,
The noble art of sarcasm: Trump replaces coronavirus briefing with tweets,https://www.politico.com/news/2020/04/26/trump-replaces-coronavirus-briefing-anti-media-tweets-210037,Politico,2 hours ago,2020-04-26 22:00:00,coronavirus,7,www.politico.com,
"Bill Gates explains how the United States can safely ease coronavirus 
restrictions",https://www.cnn.com/2020/04/26/business/bill-gates-coronavirus-reopening-gps/index.html,CNN.com,2 hours ago,2020-04-26 22:00:00,coronavirus,8,www.cnn.com,
Coronavirus: The US resistance to a continued lockdown,https://www.bbc.com/news/world-us-canada-52417610,BBC,3 hours ago,2020-04-26 22:00:00,coronavirus,9,www.bbc.com,
"Coronavirus live updates: U.S. reaches 'plateau,' nears 1 million cases; 
GOP governor calls out Trump; last patient leaves hospital in Wuhan",https://www.usatoday.com/story/news/health/2020/04/26/coronavirus-updates-georgia-mayor-asks-churches-not-open/3013443001/,USA Today,3 hours ago,2020-04-26 22:00:00,coronavirus,10,www.usatoday.com,
"Bill Gates explains how the United States can safely ease coronavirus 
restrictions",https://www.cnn.com/2020/04/26/business/bill-gates-coronavirus-reopening-gps/index.html,CNN.com,3 hours ago,2020-04-26 22:00:00,coronavirus test,1,www.cnn.com,
"New York clinical trial testing heartburn medication as coronavirus 
treatment",https://nypost.com/2020/04/26/ny-clinical-trial-testing-heartburn-medication-as-coronavirus-treatment/,New York Post,1 hour ago,2020-04-26 22:00:00,coronavirus test,2,nypost.com,
Coronavirus pandemic: Updates from around the world,https://www.cnn.com/world/live-news/coronavirus-pandemic-04-27-20-intl/index.html,CNN.com,17 mins ago,2020-04-26 22:00:00,coronavirus test,3,www.cnn.com,
Coronavirus updates: CDC adds 6 new possible symptoms of COVID-19,https://abcnews.go.com/US/coronavirus-live-updates-cdc-adds-symptoms-covid-19/story?id=70351472,ABC News,49 mins ago,2020-04-26 10:00:00,Covid-19,1,abcnews.go.com,
"WHO says no evidence shows that having coronavirus prevents a second 
infection",https://www.cnn.com/2020/04/25/us/who-immunity-antibodies-covid-19/index.html,CNN.com,18 hours ago,2020-04-26 10:00:00,Covid-19,2,www.cnn.com,
Wuhan Reports No New COVID-19 Hospitalizations,https://www.forbes.com/sites/lisettevoytko/2020/04/26/wuhan-reports-no-new-covid-19-hospitalizations/,Forbes,39 mins ago,2020-04-26 10:00:00,Covid-19,3,www.forbes.com,
Virginia April 26 COVID-19 Update: 604 new cases with 12 deaths,https://www.wavy.com/news/health/coronavirus/virginia-april-26-covid-19-update-604-new-cases-with-12-deaths/,WAVY.com,1 hour ago,2020-04-26 10:00:00,Covid-19,4,www.wavy.com,
States try to find balance of reopening within Covid-19 curve,https://www.cnn.com/videos/politics/2020/04/26/john-king-states-reopen-coronavirus-magic-wall-ip-vpx.cnn,CNN.com,1 hour ago,2020-04-26 10:00:00,Covid-19,5,www.cnn.com,
Coronavirus: 17 police officers die of Covid-19 in Peru,https://www.bbc.com/news/world-latin-america-52432216,BBC,1 hour ago,2020-04-26 10:00:00,Covid-19,6,www.bbc.com,
"Baystate Health has been leading the way in treatment for COVID-19 by 
keeping patients off ventilators",https://www.masslive.com/coronavirus/2020/04/baystate-health-has-been-leading-the-way-in-treatment-for-covid-19-by-keeping-patients-off-ventilators.html,MassLive.com,2 hours ago,2020-04-26 10:00:00,Covid-19,7,www.masslive.com,
6 Ways To Fight Coronavirus In The Developing World : Goats and Soda,https://www.npr.org/sections/goatsandsoda/2020/04/26/844207862/6-solutions-to-beat-covid-19-in-countries-where-the-usual-advice-just-wont-work,NPR,3 hours ago,2020-04-26 10:00:00,Covid-19,8,www.npr.org,
America needs universal COVID-19 testing. Here's how we'll get there.,https://www.nbcnews.com/health/health-news/america-needs-universal-covid-19-testing-here-s-how-we-n1192146,NBC News,5 hours ago,2020-04-26 10:00:00,Covid-19,9,www.nbcnews.com,
"Bill Gates Explains How We Get Past Covid-19, and What That Really Means",https://www.inc.com/jason-aten/bill-gates-explains-how-we-get-past-covid-19-what-that-really-means.html,Inc.com,5 hours ago,2020-04-26 10:00:00,Covid-19,10,www.inc.com,
Coronavirus updates: CDC adds 6 new possible symptoms of COVID-19,https://abcnews.go.com/US/coronavirus-live-updates-cdc-adds-symptoms-covid-19/story?id=70351472,ABC News,50 mins ago,2020-04-26 10:00:00,coronavirus symptoms,1,abcnews.go.com,
CDC adds six new possible coronavirus symptoms,https://www.cbsnews.com/news/cdc-adds-six-new-possible-coronavirus-symptoms-2020-04-25/,CBS News,17 hours ago,2020-04-26 10:00:00,coronavirus symptoms,2,www.cbsnews.com,
Coronavirus updates: Global cases near 3 million as CDC flags new symptoms,https://www.cbsnews.com/live-updates/coronavirus-update-covid-19-2020-04-26/,CBS News,10 mins ago,2020-04-26 10:00:00,coronavirus symptoms,3,www.cbsnews.com,
"Coronavirus: Headache, loss of taste among list of 6 new possible COVID-19 
symptoms, according to CDC",https://abc7ny.com/health/cdc-adds-6-new-possible-symptoms-of-covid-19/6130502/,ABC7 New York,1 hour ago,2020-04-26 10:00:00,coronavirus symptoms,4,abc7ny.com,
CDC updates list of possible coronavirus symptoms,https://www.wkrn.com/community/health/coronavirus/cdc-updates-list-of-possible-coronavirus-symptoms/,WKRN.com,2 hours ago,2020-04-26 10:00:00,coronavirus symptoms,5,www.wkrn.com,
CDC adds six new symptoms for coronavirus,https://www.ajc.com/news/the-cdc-adds-six-new-symptoms-for-coronavirus/jGrO3yH486Q1tKtXKdSwFJ/,AJC.com,9 hours ago,2020-04-26 10:00:00,coronavirus symptoms,6,www.ajc.com,
CDC: Here Are 6 New Possible Symptoms Of COVID-19 Coronavirus,https://www.forbes.com/sites/brucelee/2020/04/25/cdc-here-are-6-new-possible-symptoms-of-covid-19-coronavirus/,Forbes,12 hours ago,2020-04-26 10:00:00,coronavirus symptoms,7,www.forbes.com,
CDC adds 6 new COVID-19 symptoms,https://www.10tv.com/article/cdc-adds-6-new-covid-19-symptoms-2020-apr,"WBNS-10TV Columbus, Ohio",13 hours ago,2020-04-26 10:00:00,coronavirus symptoms,8,www.10tv.com,
"CDC's new COVID-19 symptoms: loss of smell, sore throat, aches, chills - 
Insider",https://www.insider.com/what-are-new-cdc-covid19-symptoms-chills-sore-throat-headache-2020-4,Insider,22 hours ago,2020-04-26 10:00:00,coronavirus symptoms,9,www.insider.com,
"Coronavirus FAQs: Are There Lots Of Cases With No Symptoms? Can I See A 
Dentist? : Goats and Soda",https://www.npr.org/sections/goatsandsoda/2020/04/24/844325330/coronavirus-faqs-does-a-bigger-dose-make-you-sicker-can-you-go-to-the-dentist,NPR,1 day ago,2020-04-26 10:00:00,coronavirus symptoms,10,www.npr.org,
"Worldwide coronavirus death toll passes 203,000: Live updates",https://www.cnn.com/world/live-news/coronavirus-pandemic-04-26-20-intl/index.html,CNN.com,5 mins ago,2020-04-26 10:00:00,coronavirus,1,www.cnn.com,
"NYC man released from Rikers Island over coronavirus arrested on new rape 
charge: report",https://www.foxnews.com/us/new-york-brooklyn-inmate-rikers-island-rape-arrest-coronavirus,Fox News,52 mins ago,2020-04-26 10:00:00,coronavirus,2,www.foxnews.com,
Coronavirus updates: Global cases near 3 million as CDC flags new symptoms,https://www.cbsnews.com/live-updates/coronavirus-update-covid-19-2020-04-26/,CBS News,9 mins ago,2020-04-26 10:00:00,coronavirus,3,www.cbsnews.com,
Five counties tell next phase of coronavirus story,https://www.nbcnews.com/politics/meet-the-press/five-counties-tell-next-phase-coronavirus-story-n1192781,NBC News,11 mins ago,2020-04-26 10:00:00,coronavirus,4,www.nbcnews.com,
"Tom Brady gets 'apology' from Tampa Bay mayor after ouster from 
coronavirus-closed park",https://www.foxnews.com/us/tom-brady-tampa-bay-mayor-apology,Fox News,32 mins ago,2020-04-26 10:00:00,coronavirus,5,www.foxnews.com,
"Coronavirus: French police seize 140,000 black market masks",https://www.bbc.com/news/world-europe-52430738,BBC,1 hour ago,2020-04-26 10:00:00,coronavirus,6,www.bbc.com,
April 26 morning update: The latest on the coronavirus and Maine,https://bangordailynews.com/2020/04/26/news/state/april-26-morning-update-the-latest-on-the-coronavirus-and-maine/,Bangor Daily News,2 hours ago,2020-04-26 10:00:00,coronavirus,7,bangordailynews.com,
Italy and Spain announce plans to ease coronavirus lockdowns further,https://www.politico.com/news/2020/04/26/italy-spain-coronavirus-lockdown-208260,Politico,3 hours ago,2020-04-26 10:00:00,coronavirus,8,www.politico.com,
"Why 'SNL' isn't dying from the coronavirus: It's not just Brad Pitt and 
Miley Cyrus",https://nypost.com/2020/04/26/why-snl-isnt-dying-from-the-coronavirus-its-not-just-brad-pitt-and-miley-cyrus/,New York Post,9 hours ago,2020-04-26 10:00:00,coronavirus,9,nypost.com,
Track your coronavirus stimulus check status with IRS Get My Payment website,https://www.cnet.com/personal-finance/track-your-coronavirus-stimulus-check-status-with-irs-get-my-payment-website/,CNet,9 hours ago,2020-04-26 10:00:00,coronavirus,10,www.cnet.com,
Coronavirus: New York to allow tests in pharmacies,https://www.bbc.com/news/world-us-canada-52428994,BBC,10 hours ago,2020-04-26 10:00:00,coronavirus test,1,www.bbc.com,
Fauci says coronavirus tests need to double before lockdowns are lifted,https://nypost.com/2020/04/26/coronavirus-tests-must-double-before-lockdowns-are-lifted-fauci/,New York Post,1 hour ago,2020-04-26 10:00:00,coronavirus test,2,nypost.com,
Coronavirus updates: Global cases near 3 million as CDC flags new symptoms,https://www.cbsnews.com/live-updates/coronavirus-update-covid-19-2020-04-26/,CBS News,10 mins ago,2020-04-26 10:00:00,coronavirus test,3,www.cbsnews.com,
Eye-opening South Korea study on Covid-19,https://www.cnn.com/2020/04/30/opinions/eye-opening-south-korea-study-on-covid-19-sepkowitz/index.html,CNN.com,7 hours ago,2020-04-30 22:00:00,Covid-19,1,www.cnn.com,
"Answering Your Coronavirus Questions: COVID-19 And Kidneys, Masks And Pets",https://www.npr.org/2020/04/30/848814120/answering-your-coronavirus-questions-covid-19-and-kidneys-masks-and-pets,NPR,1 hour ago,2020-04-30 22:00:00,Covid-19,2,www.npr.org,
"Lake City father, 31, is youngest reported COVID-19 death in Northeast 
Florida",https://www.news4jax.com/news/local/2020/05/01/lake-city-father-31-is-youngest-reported-covid-19-death-in-northeast-florida/,News4Jax,46 mins ago,2020-04-30 22:00:00,Covid-19,3,www.news4jax.com,
OLB Von Miller tests negative for COVID-19,https://www.denverbroncos.com/news/olb-von-miller-tests-negative-for-covid-19,Denver Broncos,59 mins ago,2020-04-30 22:00:00,Covid-19,4,www.denverbroncos.com,
CCAT suspends bus services over possible COVID-19 exposure,https://theworldlink.com/news/ccat-suspends-bus-services-over-possible-covid-19-exposure/article_fadec59a-8b44-11ea-bb88-3f38a0db6789.html,TheWorldlink.com,1 hour ago,2020-04-30 22:00:00,Covid-19,5,theworldlink.com,
"Texas reports most deaths in a day from COVID-19 as Gov. Abbott prepares to 
drop stay-home order",https://www.houstonchronicle.com/news/article/Texas-reports-most-deaths-in-a-day-from-COVID-19-15238205.php,Houston Chronicle,1 hour ago,2020-04-30 22:00:00,Covid-19,6,www.houstonchronicle.com,
"Nursing home receptionist, former teaching assistant dies after contracting 
COVID-19",https://www.wpri.com/health/coronavirus/nursing-home-receptionist-former-teaching-assistant-dies-after-contracting-covid-19/,WPRI.com,1 hour ago,2020-04-30 22:00:00,Covid-19,7,www.wpri.com,
Armed Protesters Storm Michigan State House Over COVID-19 Lockdown,https://www.forbes.com/sites/andrewsolender/2020/04/30/armed-protesters-storm-michigan-state-house-over-covid-19-lockdown/,Forbes,3 hours ago,2020-04-30 22:00:00,Covid-19,8,www.forbes.com,
Jeff Bezos tells shareholders to 'take a seat' as company manages Covid-19,https://www.cnn.com/2020/04/30/tech/amazon-earnings-coronavirus/index.html,CNN.com,3 hours ago,2020-04-30 22:00:00,Covid-19,9,www.cnn.com,
Armed protesters demonstrate against Covid-19 lockdown at Michigan capitol,https://www.theguardian.com/us-news/2020/apr/30/michigan-protests-coronavirus-lockdown-armed-capitol,The Guardian,3 hours ago,2020-04-30 22:00:00,Covid-19,10,www.theguardian.com,
"""COVID toes"" and other skin symptoms may be a sign of coronavirus",https://www.cbsnews.com/news/covid-toes-frostbite-coronavirus-symptom/,CBS News,7 hours ago,2020-04-30 22:00:00,coronavirus symptoms,1,www.cbsnews.com,
Are 'covid toes' a real symptom of the coronavirus?,https://www.livescience.com/frostbite-toes-covid-19.html,Live Science,15 hours ago,2020-04-30 22:00:00,coronavirus symptoms,2,www.livescience.com,
"Infected Without Symptoms: A physician answers 5 questions about 
asymptomatic COVID-19",https://news4sanantonio.com/news/coronavirus/infected-without-symptoms-a-physician-answers-5-questions-about-asymptomatic-covid-19,WOAI,3 hours ago,2020-04-30 22:00:00,coronavirus symptoms,3,news4sanantonio.com,
"Trump contradicts US intel community by claiming he's seen evidence 
coronavirus originated in Chinese lab",https://www.cnn.com/2020/04/30/politics/trump-intelligence-community-china-coronavirus-origins/index.html,CNN.com,3 hours ago,2020-04-30 22:00:00,coronavirus,1,www.cnn.com,
"Michigan protesters storm state Capitol in fight over coronavirus rules: 
'Men with rifles yelling at us'",https://www.foxnews.com/us/michigan-lansing-coronavirus-protest-capitol-guns-rifles,Fox News,5 hours ago,2020-04-30 22:00:00,coronavirus,2,www.foxnews.com,
"N.J. mayor thinks he had coronavirus 2 months before 1st confirmed case in 
U.S.",https://www.nj.com/coronavirus/2020/04/nj-mayor-thinks-he-had-coronavirus-2-months-before-1st-confirmed-case-in-us.html,NJ.com,31 mins ago,2020-04-30 22:00:00,coronavirus,3,www.nj.com,
PGA alters playing status guidelines due to coronavirus,https://sports.yahoo.com/pga-alters-playing-status-guidelines-due-coronavirus-013414041--golf.html,Yahoo! Sports,35 mins ago,2020-04-30 22:00:00,coronavirus,4,sports.yahoo.com,
Passengers Must Wear Masks On Major Airlines To Cut Spread Of Coronavirus,https://www.npr.org/sections/coronavirus-live-updates/2020/04/30/848856259/passengers-must-wear-masks-on-major-airlines-to-cut-spread-of-coronavirus,NPR,1 hour ago,2020-04-30 22:00:00,coronavirus,5,www.npr.org,
"Coronavirus live updates: Bay Area hospitalizations, ICU cases reach April 
low",https://www.sfchronicle.com/bayarea/article/Coronavirus-live-updates-news-bay-area-15237940.php,San Francisco Chronicle,2 hours ago,2020-04-30 22:00:00,coronavirus,6,www.sfchronicle.com,
"Daily coronavirus updates: Four-stage process to reopen Connecticut will 
start May 20 if numbers continue to d",https://www.courant.com/coronavirus/hc-news-coronavirus-daily-updates-0430-20200430-mogn56d6frdlfm64vw7sxwsuji-story.html,Hartford Courant,5 hours ago,2020-04-30 22:00:00,coronavirus,7,www.courant.com,
Don't get TOO much exercise during your coronavirus quarantine. Here's why.,https://www.usatoday.com/story/life/health-wellness/2020/04/30/coronavirus-dont-exercise-too-much-during-quarantine-heres-why/3048034001/,USA Today,6 hours ago,2020-04-30 22:00:00,coronavirus,8,www.usatoday.com,
"‘She will be missed’: UMass graduate dies of coronavirus after twice being 
denied testing",https://whdh.com/news/she-will-be-missed-umass-graduate-dies-of-coronavirus-after-twice-being-denied-testing/,WHDH 7News,6 hours ago,2020-04-30 22:00:00,coronavirus,9,whdh.com,
Coronavirus patient dead after medical residents set ventilator too high,https://nypost.com/2020/04/30/coronavirus-patient-dead-after-medical-residents-set-ventilator-too-high/,New York Post,9 hours ago,2020-04-30 22:00:00,coronavirus,10,nypost.com,
"This family was randomly selected to take a coronavirus antibody test. 
Here's what it's like",https://www.cnn.com/2020/04/30/health/georgia-antibody-tests/index.html,CNN.com,3 hours ago,2020-04-30 22:00:00,coronavirus test,1,www.cnn.com,
"Maryland governor says coronavirus tests acquired from South Korea under 
guard at undisclosed location | TheHill",https://thehill.com/homenews/state-watch/495519-maryland-governor-says-coronavirus-tests-acquired-from-south-korea-under,TheHill,6 hours ago,2020-04-30 22:00:00,coronavirus test,2,thehill.com,
Coronavirus pandemic: Updates from around the world,https://www.cnn.com/world/live-news/coronavirus-pandemic-04-30-20-intl/index.html,CNN.com,4 mins ago,2020-04-30 22:00:00,coronavirus test,3,www.cnn.com,
"Coronavirus live updates: Bay Area hospitalizations, ICU cases reach April 
low",https://www.sfchronicle.com/bayarea/article/Coronavirus-live-updates-news-bay-area-15237940.php,San Francisco Chronicle,19 mins ago,2020-04-30 22:00:00,coronavirus test,4,www.sfchronicle.com,
"Stanislaus County records biggest daily jump in coronavirus cases. Two more 
have died",https://www.modbee.com/news/coronavirus/article242423111.html,Modesto Bee,31 mins ago,2020-04-30 22:00:00,coronavirus test,5,www.modbee.com,
"Early test results suggest widespread coronavirus infections at Washington 
state’s largest beef plant, Tyson",https://www.seattletimes.com/seattle-news/early-test-results-suggest-widespread-coronavirus-infections-at-washington-states-largest-beef-plant-tyson/,The Seattle Times,58 mins ago,2020-04-30 22:00:00,coronavirus test,6,www.seattletimes.com,
Capitol physician says he doesn't have enough tests for all senators,https://www.axios.com/senate-doctor-mitch-mcconnell-coronavirus-testing-e99282f6-90f5-4e11-8b45-02548f38ab12.html,Axios,1 hour ago,2020-04-30 22:00:00,coronavirus test,7,www.axios.com,
"Maryland governor using National Guard to protect tests from federal 
government",https://www.dailymail.co.uk/news/article-8276045/Maryland-governor-using-National-Guard-protect-tests-federal-government.html,Daily Mail,1 hour ago,2020-04-30 22:00:00,coronavirus test,8,www.dailymail.co.uk,
Getting a coronavirus test in NYC is about to get easier — finally,https://nypost.com/2020/04/30/getting-a-coronavirus-test-in-nyc-is-about-to-get-easier/,New York Post,2 hours ago,2020-04-30 22:00:00,coronavirus test,9,nypost.com,
Recovered patients who tested positive for COVID-19 likely not reinfected,https://www.livescience.com/coronavirus-reinfections-were-false-positives.html,Live Science,3 hours ago,2020-04-30 22:00:00,coronavirus test,10,www.livescience.com,
"Wuhan shows the world that the end of lockdown is just the beginning of the 
Covid-19 crisis",https://www.cnn.com/2020/04/29/asia/wuhan-coronavirus-lockdown-analysis-intl-hnk/index.html,CNN.com,1 hour ago,2020-04-30 10:00:00,Covid-19,1,www.cnn.com,
Russia's health system under pressure from Covid-19,https://www.cnn.com/videos/world/2020/04/30/russia-coronavirus-covid-19-pandemic-health-service-hospital-vladimir-putin-chance-pkg-intl-ldn-vpx.cnn,CNN.com,2 hours ago,2020-04-30 10:00:00,Covid-19,2,www.cnn.com,
The problem with the Covid-19 death numbers,https://www.cnn.com/2020/04/30/opinions/the-problem-with-covid-19-death-numbers-sutter/index.html,CNN.com,37 mins ago,2020-04-30 10:00:00,Covid-19,3,www.cnn.com,
"Inovio to expand manufacturing of COVID-19 vaccine candidate with new CEPI 
grant",http://www.marketwatch.com/story/inovio-to-expand-manufacturing-of-covid-19-vaccine-candidate-with-new-cepi-grant-2020-04-30,MarketWatch,2 hours ago,2020-04-30 10:00:00,Covid-19,4,www.marketwatch.com,
"David Letterman criticizes Mike Pence for 'taunting' COVID-19 patients by 
not wearing mask",https://www.usatoday.com/story/entertainment/celebrities/2020/04/30/david-letterman-criticizes-mike-pence-taunting-covid-19-patients/3054228001/,USATODAY.com,9 hours ago,2020-04-30 10:00:00,Covid-19,5,www.usatoday.com,
Is USPS Closing Soon Because of COVID-19?,https://www.snopes.com/fact-check/usps-closing-due-to-covid-19/,Snopes,14 hours ago,2020-04-30 10:00:00,Covid-19,6,www.snopes.com,Fact check article
Elon Musk says shelter-in-place orders during COVID-19 are ‘fascist’,https://www.theverge.com/2020/4/29/21242102/elon-musk-coronavirus-fascist-shelter-in-place-tesla-covid-19-safety-science,The Verge,14 hours ago,2020-04-30 10:00:00,Covid-19,7,www.theverge.com,
FDA reportedly will approve COVID-19 treatment remdesivir,https://www.wmur.com/article/fda-reportedly-will-approve-covid-19-treatment-remdesivir/32321444,WMUR.com,14 hours ago,2020-04-30 10:00:00,Covid-19,8,www.wmur.com,
Is COVID-19 claiming more lives in Vermont than originally thought?,https://www.wcax.com/content/news/Is-COVID-19-claiming-more-lives-in-Vermont-than-originally-thought-570056481.html,WCAX,15 hours ago,2020-04-30 10:00:00,Covid-19,9,www.wcax.com,
"First bit of success from a randomized trial of a COVID-19 treatment 
[UPDATED]",https://arstechnica.com/science/2020/04/first-treatment-for-sars-cov-2-shortens-recovery-time/,Ars Technica,16 hours ago,2020-04-30 10:00:00,Covid-19,10,arstechnica.com,
The CDC adds 6 new coronavirus symptoms to its list,https://www.cnet.com/news/every-coronavirus-symptom-you-can-have-according-to-the-cdc/,CNet,1 day ago,2020-04-30 10:00:00,coronavirus symptoms,1,www.cnet.com,
"COVID-19 caused strokes in young people who had mild coronavirus symptoms, 
NYC doctors say",https://www.usatoday.com/story/news/health/2020/04/29/coronavirus-covid-19-caused-strokes-young-patients-nyc-doctors/3046447001/,USATODAY.com,23 hours ago,2020-04-30 10:00:00,coronavirus symptoms,2,www.usatoday.com,
Why Days 5 to 10 Are So Important When You Have Coronavirus,https://www.nytimes.com/2020/04/30/well/live/coronavirus-days-5-through-10.html,The New York Times,1 hour ago,2020-04-30 10:00:00,coronavirus symptoms,3,www.nytimes.com,
Coronavirus pandemic: Updates from around the world,https://www.cnn.com/world/live-news/coronavirus-pandemic-04-30-20-intl/index.html,CNN.com,15 mins ago,2020-04-30 10:00:00,coronavirus,1,www.cnn.com,
"Coronavirus live updates: California to close beaches after crowds; 
quarterly earnings results reveal pressure",https://www.cnbc.com/2020/04/30/coronavirus-latest-updates.html,CNBC.com,2 hours ago,2020-04-30 10:00:00,coronavirus,2,www.cnbc.com,
"Coronavirus Closes Mumbai's Historic Ramadan Food Bazaar On Mohammed Ali 
Road : Coronavirus Live Updates",https://www.npr.org/sections/coronavirus-live-updates/2020/04/30/848194997/mumbais-historic-ramadan-food-bazaar-closes-for-the-first-time-due-to-coronaviru,NPR,6 mins ago,2020-04-30 10:00:00,coronavirus,3,www.npr.org,
"WHO 'urgently' investigating link between coronavirus and syndrome that 
affects young kids",https://www.nbcnews.com/health/health-news/who-urgently-investigating-link-between-coronavirus-syndrome-affects-young-kids-n1196411,NBC News,12 mins ago,2020-04-30 10:00:00,coronavirus,4,www.nbcnews.com,
"Elizabeth Warren’s plan to end mask and supply shortages in the coronavirus 
pandemic",https://www.vox.com/2020/4/30/21241842/coronavirus-covid-supply-shortages-ppe-elizabeth-warren,Vox,16 mins ago,2020-04-30 10:00:00,coronavirus,5,www.vox.com,
Are 'covid toes' a real symptom of the coronavirus?,https://www.livescience.com/frostbite-toes-covid-19.html,Live Science,3 hours ago,2020-04-30 10:00:00,coronavirus,6,www.livescience.com,
"Coronavirus live updates: Newsom to announce closure of all state beaches, 
parks, report says",https://www.sfchronicle.com/bayarea/article/Coronavirus-live-updates-news-bay-area-15192855.php,San Francisco Chronicle,3 hours ago,2020-04-30 10:00:00,coronavirus,7,www.sfchronicle.com,
Coronavirus: New York funeral home puts corpses in lorries,https://www.bbc.com/news/world-us-canada-52483279,BBC,7 hours ago,2020-04-30 10:00:00,coronavirus,8,www.bbc.com,
These New Yorkers fleeing coronavirus vow they'll never return,https://nypost.com/2020/04/29/these-new-yorkers-fleeing-coronavirus-vow-theyll-never-return/,New York Post,10 hours ago,2020-04-30 10:00:00,coronavirus,9,nypost.com,
Court upholds Trump's coronavirus immigration ban,https://www.politico.com/news/2020/04/29/court-upholds-trumps-coronavirus-immigration-ban-224855,Politico,11 hours ago,2020-04-30 10:00:00,coronavirus,10,www.politico.com,
"Debi Mazar claims she can't get coronavirus test in New York to prove she's 
COVID-19 free",https://www.foxnews.com/entertainment/debi-mazar-gives-coronavirus-update-tests-new-york-not-available,Fox News,2 hours ago,2020-04-30 10:00:00,coronavirus test,1,www.foxnews.com,
"All L.A. County residents can now get free coronavirus tests, Garcetti says",https://www.latimes.com/california/story/2020-04-29/all-l-a-residents-can-how-get-coronavirus-test-garcetti-says,Los Angeles Times,13 hours ago,2020-04-30 10:00:00,coronavirus test,2,www.latimes.com,
Coronavirus updates: Drug trials bring hope as COVID-19 fuels job losses,https://www.cbsnews.com/live-updates/coronavirus-latest-updates-2020-04-30/,CBS News,11 mins ago,2020-04-30 10:00:00,coronavirus test,3,www.cbsnews.com,
Coronavirus pandemic in the US: Live updates,https://www.cnn.com/us/live-news/us-coronavirus-update-04-30-20/index.html,CNN.com,17 mins ago,2020-04-30 10:00:00,coronavirus test,4,www.cnn.com,
Coronavirus pandemic: Updates from around the world,https://www.cnn.com/world/live-news/coronavirus-pandemic-04-30-20-intl/index.html,CNN.com,17 mins ago,2020-04-30 10:00:00,coronavirus test,5,www.cnn.com,
Lakers' Jared Dudley describes getting tested for coronavirus,https://www.foxnews.com/sports/lakers-jared-dudley-coronavirus-test,Fox News,1 hour ago,2020-04-30 10:00:00,coronavirus test,6,www.foxnews.com,
"Why can’t Onondaga County get vital coronavirus test data from Walmart test 
site?",https://www.syracuse.com/coronavirus/2020/04/why-cant-onondaga-county-get-vital-coronavirus-test-data-from-walmart-test-site.html,Syracuse.com,1 hour ago,2020-04-30 10:00:00,coronavirus test,7,www.syracuse.com,
"Antigen Tests For The Coronavirus Might Be Easier, But How Reliable? : 
Shots - Health News",https://www.npr.org/sections/health-shots/2020/04/30/847416695/a-next-generation-coronavirus-test-raises-hopes-and-concerns,NPR,5 hours ago,2020-04-30 10:00:00,coronavirus test,8,www.npr.org,
"Coronavirus live updates: Newsom to announce closure of all state beaches, 
parks, report says",https://www.sfchronicle.com/bayarea/article/Coronavirus-live-updates-news-bay-area-15192855.php,San Francisco Chronicle,6 hours ago,2020-04-30 10:00:00,coronavirus test,9,www.sfchronicle.com,
"How to get millions of people to take coronavirus tests and stay home if 
they're positive",https://www.usatoday.com/story/opinion/2020/04/30/coronavirus-tests-quarantines-incentives-can-make-it-work-column/3048508001/,USATODAY.com,7 hours ago,2020-04-30 10:00:00,coronavirus test,10,www.usatoday.com,
"Coronavirus daily news updates, April 25: What to know today about COVID-19 
in the Seattle area, Washington state and the nation",https://www.seattletimes.com/seattle-news/health/coronavirus-daily-news-updates-april-25-what-to-know-today-about-covid-19-in-the-seattle-area-washington-state-and-the-nation/,The Seattle Times,10 hours ago,2020-04-25 22:00:00,Covid-19,1,www.seattletimes.com,
The one ritual keeping me sane during Covid-19,https://www.cnn.com/2020/04/25/opinions/covid-19-ritual-grieving-ice-cream-gelles/index.html,CNN.com,13 hours ago,2020-04-25 22:00:00,Covid-19,2,www.cnn.com,
"Dyson Built a New Ventilator to Treat Covid-19 Patients, but Was Told the 
UK No Longer Needs It",https://gizmodo.com/dyson-built-a-new-ventilator-to-treat-covid-19-patients-1843075158,Gizmodo,44 mins ago,2020-04-25 22:00:00,Covid-19,3,gizmodo.com,
Covid-19 research should include studies on how the virus affects women,https://www.cnn.com/2020/04/25/opinions/coronavirus-research-women-blumenthal/index.html,CNN.com,1 hour ago,2020-04-25 22:00:00,Covid-19,4,www.cnn.com,
ProMedica doctor returning to work after his own battle with COVID-19,https://www.wtol.com/article/news/health/coronavirus/promedica-doctor-returning-to-work-after-his-own-battle-with-covid-19/512-a2708c7f-d34b-4922-bf0b-0f0dfce673f4,wtol.com,1 hour ago,2020-04-25 22:00:00,Covid-19,5,www.wtol.com,
"Trump’s COVID-19 failure shows his ‘omnipotent destructiveness’ — as he is 
‘actively engaging in sabotage’: Psychologist John Gartner",https://www.rawstory.com/2020/04/trumps-covid-19-failure-shows-his-omnipotent-destructiveness-as-he-is-actively-engaging-in-sabotage-psychologist-john-gartner/,Raw Story,3 hours ago,2020-04-25 22:00:00,Covid-19,6,www.rawstory.com,
"Coronavirus in Massachusetts: 2,730 deaths, 53,348 COVID-19 cases total",https://www.wwlp.com/news/health/coronavirus-local-impact/coronavirus-in-massachusetts-2730-deaths-53348-covid-19-cases-total/,WWLP,5 hours ago,2020-04-25 22:00:00,Covid-19,7,www.wwlp.com,
"Coronavirus updates: 166 new COVID-19 cases, 2 deaths reported in Utah on 
Saturday",https://www.ksl.com/article/46745277/coronavirus-updates-166-new-covid-19-cases-2-deaths-reported-in-utah-on-saturday,KSL.com,6 hours ago,2020-04-25 22:00:00,Covid-19,8,www.ksl.com,
Maine reports 3 more COVID-19 deaths as the state sees 25 more cases,https://bangordailynews.com/2020/04/25/news/state/maine-reports-3-more-covid-19-deaths-as-cases-rise-to-990/,Bangor Daily News,9 hours ago,2020-04-25 22:00:00,Covid-19,9,bangordailynews.com,
"UPDATE: Governor's office says 'Phase One' of reopening Virginia 'will not 
last for two years'; Chesterfield church says it didn't hold large gathering",https://www.richmond.com/news/virginia/update-governors-office-says-phase-one-of-reopening-virginia-will-not-last-for-two-years/article_434516e1-9f6e-51f5-b30d-d328870cc8bc.html,Richmond Times-Dispatch,10 hours ago,2020-04-25 22:00:00,Covid-19,10,www.richmond.com,
"Six new coronavirus symptoms just officially added to CDC list. What are 
they?",https://www.miamiherald.com/news/coronavirus/article242260231.html,Miami Herald,1 day ago,2020-04-25 22:00:00,coronavirus symptoms,1,www.miamiherald.com,
"Coronavirus FAQs: Are There Lots Of Cases With No Symptoms? Can I See A 
Dentist? : Goats and Soda",https://www.npr.org/sections/goatsandsoda/2020/04/24/844325330/coronavirus-faqs-does-a-bigger-dose-make-you-sicker-can-you-go-to-the-dentist,NPR,1 day ago,2020-04-25 22:00:00,coronavirus symptoms,2,www.npr.org,
CDC adds 6 new possible coronavirus symptoms,https://www.ktvq.com/news/coronavirus/cdc-adds-6-new-possible-coronavirus-symptoms,KTVQ.com,2 hours ago,2020-04-25 22:00:00,coronavirus symptoms,3,www.ktvq.com,
"Six new coronavirus symptoms just officially added to CDC list. What are 
they?",https://www.miamiherald.com/news/coronavirus/article242260231.html,Miami Herald,1 day ago,2020-04-25 22:00:00,coronavirus,1,www.miamiherald.com,
"Worldwide coronavirus death toll passes 200,000: Live updates",https://www.cnn.com/world/live-news/coronavirus-pandemic-04-26-20-intl/index.html,CNN.com,5 mins ago,2020-04-25 22:00:00,coronavirus,2,www.cnn.com,
Ritzy Fisher Island residents vote not to accept $2M coronavirus loan,https://nypost.com/2020/04/25/ritzy-fisher-island-residents-vote-not-to-accept-2m-coronavirus-loan/,New York Post,33 mins ago,2020-04-25 22:00:00,coronavirus,3,nypost.com,
"Detroit Health Care Worker Dies After Being Denied Coronavirus Test 4 
Times, Daughter Says",https://www.nbcphiladelphia.com/news/national-international/detroit-health-care-worker-dies-after-being-denied-coronavirus-test-4-times-daughter-says/2375969/,NBC10 Philadelphia,45 mins ago,2020-04-25 22:00:00,coronavirus,4,www.nbcphiladelphia.com,
Coronavirus detected on air pollution particles: report | TheHill,https://thehill.com/blogs/blog-briefing-room/news/494677-coronavirus-detected-on-air-pollution-particles-report,TheHill,2 hours ago,2020-04-25 22:00:00,coronavirus,5,thehill.com,
"Coronavirus live updates: Autopsy finds Santa Clara victim, 1st in US, had 
heart rupture",https://www.sfchronicle.com/bayarea/article/Coronavirus-live-updates-news-bay-area-15192855.php,San Francisco Chronicle,2 hours ago,2020-04-25 22:00:00,coronavirus,6,www.sfchronicle.com,
"New coronavirus legislation could include another round of stimulus checks, 
U.S. Rep. Richard Neal says",https://www.masslive.com/news/2020/04/new-coronavirus-legislation-could-include-another-round-of-stimulus-checks-us-rep-richard-neal-says.html,MassLive.com,4 hours ago,2020-04-25 22:00:00,coronavirus,7,www.masslive.com,
"Cuomo: Central New York’s ‘OK’ coronavirus numbers may not be enough for 
early reopening",https://www.syracuse.com/coronavirus/2020/04/cuomo-central-new-yorks-ok-coronavirus-numbers-may-not-be-enough-for-early-reopening.html,Syracuse.com,5 hours ago,2020-04-25 22:00:00,coronavirus,8,www.syracuse.com,
Fauci's absence from recent coronavirus briefings draws notice,https://www.nbcnews.com/politics/white-house/fauci-s-absence-recent-coronavirus-briefings-draws-notice-n1192421,NBC News,6 hours ago,2020-04-25 22:00:00,coronavirus,9,www.nbcnews.com,
"Icahn Sees Further Market Crash From Coronavirus, Says He’s Shorting 
Commercial Real Estate",https://www.forbes.com/sites/sergeiklebnikov/2020/04/25/icahn-sees-further-market-crash-from-coronavirus-says-hes-shorting-commercial-real-estate/,Forbes,7 hours ago,2020-04-25 22:00:00,coronavirus,10,www.forbes.com,
"WHO says no evidence shows that having coronavirus prevents a second 
infection",https://www.cnn.com/2020/04/25/us/who-immunity-antibodies-covid-19/index.html,CNN.com,6 hours ago,2020-04-25 22:00:00,coronavirus test,1,www.cnn.com,
"'No Evidence' Yet That Recovered COVID-19 Patients Are Immune, WHO Says",https://www.npr.org/sections/coronavirus-live-updates/2020/04/25/844939777/no-evidence-that-recovered-covid-19-patients-are-immune-who-says,NPR,11 hours ago,2020-04-25 22:00:00,coronavirus test,2,www.npr.org,
"Detroit Health Care Worker Dies After Being Denied Coronavirus Test 4 
Times, Daughter Says",https://www.nbcphiladelphia.com/news/national-international/detroit-health-care-worker-dies-after-being-denied-coronavirus-test-4-times-daughter-says/2375969/,NBC10 Philadelphia,47 mins ago,2020-04-25 22:00:00,coronavirus test,3,www.nbcphiladelphia.com,
"Six new coronavirus symptoms just officially added to CDC list. What are 
they?",https://www.miamiherald.com/news/coronavirus/article242260231.html,Miami Herald,1 day ago,2020-04-25 22:00:00,coronavirus symptoms,1,www.miamiherald.com,
"Coronavirus FAQs: Are There Lots Of Cases With No Symptoms? Can I See A 
Dentist? : Goats and Soda",https://www.npr.org/sections/goatsandsoda/2020/04/24/844325330/coronavirus-faqs-does-a-bigger-dose-make-you-sicker-can-you-go-to-the-dentist,NPR,1 day ago,2020-04-25 22:00:00,coronavirus symptoms,2,www.npr.org,
CDC adds 6 new possible coronavirus symptoms,https://www.ktvq.com/news/coronavirus/cdc-adds-6-new-possible-coronavirus-symptoms,KTVQ.com,2 hours ago,2020-04-25 22:00:00,coronavirus symptoms,3,www.ktvq.com,
